鄉鎮市區,交易標的,土地位置建物門牌,都市土地使用分區,交易年月日,交易筆棟數,移轉層次,總樓層數,建物型態,主要用途,主要建材,土地移轉總面積平方公尺,建物移轉總面積平方公尺,建物現況格局-房,建物現況格局-廳,建物現況格局-衛,建物現況格局-隔間,有無管理組織,總價元,單價元平方公尺,車位移轉總面積(平方公尺),車位總價元,主建物面積,附屬建物面積,陽台面積,電梯,Lat,Lng
中壢區,房地(土地+建物),桃園市中壢區後興路一段９０巷３８號六樓,住,1101031,土地1建物1車位0,六層,九層,華廈(10層含以下有電梯),住家用,鋼筋混凝土造,11.81,88.21,2,2,1,有,有,4580000,51922,0,0,57.53,0,6.35,有,24.9421623,121.2475943
中壢區,房地(土地+建物),桃園市中壢區金鋒五街５７號四樓,住,1110315,土地1建物1車位0,四層,十二層,住宅大樓(11層含以上有電梯),住家用,鋼筋混凝土造,19.18,111.93,3,2,2,有,有,4800000,42884,0,0,83.02,2.69,9.14,有,24.9461377,121.2494134
中壢區,房地(土地+建物)+車位,桃園市中壢區青商路２０號五樓,住,1110316,土地1建物1車位1,五層,十四層,住宅大樓(11層含以上有電梯),住家用,鋼筋混凝土造,32.78,209.92,3,2,2,有,有,18400000,90958,24.12,1500000,101.93,9.67,9.38,有,25.0049754,121.2167935
中壢區,房地(土地+建物),桃園市中壢區溪洲三街６３號四樓,住,1110313,土地1建物1車位0,四層,五層,公寓(5樓含以下無電梯),住家用,鋼筋混凝土造,27.81,84.72,3,2,2,有,無,4860000,57365,0,0,84.72,0,0,無,24.9606829,121.2306245
中壢區,房地(土地+建物)+車位,桃園市中壢區慈惠三街１５７巷１１號十四樓,住,1110307,土地1建物1車位1,十四層,十五層,住宅大樓(11層含以上有電梯),住家用,鋼筋混凝土造,26.5,209.84,4,2,2,有,有,11770000,56093,0,0,158.54,0.79,18.71,有,24.9641268,121.2251297
中壢區,房地(土地+建物)+車位,桃園市中壢區領航北路二段８９號七樓,住,1110320,土地1建物1車位2,七層,十二層,住宅大樓(11層含以上有電梯),住家用,鋼筋混凝土造,42.76,258.38,4,2,3,有,有,22600000,87468,0,0,124.17,12.04,11.91,有,25.0084791,121.202825
中壢區,房地(土地+建物)+車位,桃園市中壢區春德路２９３號十五樓,商,1110401,土地1建物1車位1,十五層,十五層,住宅大樓(11層含以上有電梯),住家用,鋼筋混凝土造,15.14,130.29,2,1,1,有,有,11500000,88265,34.16,0,54.07,1.97,6.73,有,25.0143048,121.2111324
中壢區,房地(土地+建物),桃園市中壢區溪洲三街７６號九樓之２,住,1110320,土地1建物1車位0,九層,十二層,住宅大樓(11層含以上有電梯),住家用,鋼筋混凝土造,13.5,83.03,4,3,2,有,有,5900000,71059,0,0,56.52,0.87,6.85,有,24.960716,121.2313207
中壢區,房地(土地+建物)+車位,桃園市中壢區永昌路１３５號十五樓,住,1110305,土地1建物1車位1,十五層,十五層,住宅大樓(11層含以上有電梯),住家用,鋼筋混凝土造,13.8,111.48,2,2,1,有,有,11300000,101363,34.53,0,44.01,2,4.62,有,25.0159042,121.2082055
中壢區,房地(土地+建物)+車位,桃園市中壢區洽溪路２２５號十四樓,住,1101124,土地1建物1車位1,十四層,十四層,住宅大樓(11層含以上有電梯),住家用,鋼筋混凝土造,19.33,134.55,1,1,1,有,有,12580000,93497,46.15,0,52.41,0,5.18,有,25.0085423,121.2067194
中壢區,房地(土地+建物),桃園市中壢區西園路二段１１號,農,1110314,土地1建物1車位0,全,一層,透天厝,住家用,加強磚造,53.08,50.2,0,0,0,無,無,4300000,85657,0,0,50.2,0,0,無,24.986146,121.2371026
中壢區,房地(土地+建物),桃園市中壢區吉林二路６１巷３２號,,1110317,土地1建物1車位0,全,二層,透天厝,住家用,加強磚造,73,90.59,3,3,3,有,無,9580000,105751,0,0,90.59,0,0,無,24.982046,121.247036
中壢區,房地(土地+建物),桃園市中壢區龍岡路二段３２１巷２１弄１３號,住,1110331,土地1建物1車位0,全,二層,透天厝,住家用,加強磚造,55.28,72.22,3,1,1,有,無,2048596,28366,0,0,72.22,0,0,無,24.9423958,121.2308455
中壢區,房地(土地+建物)+車位,桃園市中壢區永清街２８１巷７２號,農,1110323,土地2建物1車位2,全,四層,透天厝,住家用,鋼筋混凝土造,129.06,331.81,4,2,4,有,有,22000000,66303,0,0,305.84,3.69,21.54,有,24.9814518,121.2277253
中壢區,房地(土地+建物),桃園市中壢區元化路１１１巷２４之１號,住,1110324,土地1建物1車位0,二層,二層,公寓(5樓含以下無電梯),住家用,加強磚造,27.75,81.66,3,2,1,有,無,4860000,59515,0,0,81.66,0,0,無,24.9590709,121.2287992
中壢區,房地(土地+建物),桃園市中壢區元化路二段４５號三樓,住,1110308,土地1建物1車位0,三層,十二層,住宅大樓(11層含以上有電梯),辦公用,鋼筋混凝土造,30.46,222.54,0,0,0,無,有,12500000,56170,0,0,157.94,0,24.98,有,24.9624106,121.2213954
中壢區,房地(土地+建物)+車位,桃園市中壢區春德路２９５號六樓,商,1110313,土地1建物1車位1,六層,十五層,住宅大樓(11層含以上有電梯),住家用,鋼筋混凝土造,7.8,61.07,1,1,1,有,有,7580000,124120,17.11,0,27.38,1.28,0,有,25.0142565,121.2108489
中壢區,房地(土地+建物),桃園市中壢區文化路３６４巷９號,住,1110322,土地1建物1車位0,全,二層,透天厝,住家用,加強磚造,75,83.42,3,2,2,有,無,6500000,77919,0,0,83.42,0,0,無,24.9793931,121.2508968
中壢區,房地(土地+建物),桃園市中壢區永福路１０３６號五樓之２,住,1110406,土地1建物1車位0,五層,十二層,住宅大樓(11層含以上有電梯),住家用,鋼筋混凝土造,15.06,99.96,3,2,2,有,有,6000000,60024,0,0,82.6,1.21,8.99,有,24.9630095,121.2534411
中壢區,房地(土地+建物),桃園市中壢區福星五街６５號四樓,住,1110314,土地1建物1車位0,四層,七層,華廈(10層含以下有電梯),住家用,鋼筋混凝土造,6.56,32.4,1,1,1,有,有,2250000,69444,0,0,23.86,0,4.59,有,24.96574,121.2311023
中壢區,房地(土地+建物),桃園市中壢區南園二路５７巷１８弄１６號,住,1110406,土地1建物1車位0,全,三層,透天厝,住家用,鋼筋混凝土造,83,152.42,3,2,3,有,無,13300000,87259,0,0,152.42,0,0,無,24.9708011,121.2336921
中壢區,房地(土地+建物),桃園市中壢區龍和一街１８６號十二樓,住,1110302,土地1建物1車位0,十二層,十三層,住宅大樓(11層含以上有電梯),住家用,鋼筋混凝土造,11.78,126.42,3,2,2,有,有,6100000,48252,0,0,78.39,1.16,13.73,有,24.9412895,121.2456988
中壢區,房地(土地+建物)+車位,桃園市中壢區後寮二路２２７巷２８號九樓,商,1110312,土地1建物1車位1,九層,十二層,住宅大樓(11層含以上有電梯),住家用,鋼筋混凝土造,13.78,144.61,3,2,2,有,有,7600000,52555,28.05,0,77.44,0,10.21,有,24.9382706,121.2485226
中壢區,房地(土地+建物),桃園市中壢區吉林路９９巷２４號三樓,,1110309,土地1建物1車位0,三層,四層,公寓(5樓含以下無電梯),住家用,鋼筋混凝土造,26.25,61.2,3,2,1,有,無,4750000,77614,0,0,61.2,0,0,無,24.9828826,121.2491362
中壢區,房地(土地+建物),桃園市中壢區龍安六街７號三樓,住,1110302,土地1建物1車位0,三層,七層,華廈(10層含以下有電梯),住家用,鋼筋混凝土造,15.28,75.83,2,1,1,有,有,4500000,59343,0,0,49.3,0,15.98,有,24.9438076,121.2446654
中壢區,房地(土地+建物),桃園市中壢區環中東路３１９之２號十三樓,住,1101213,土地1建物1車位0,十三層,十七層,住宅大樓(11層含以上有電梯),住家用,鋼筋混凝土造,9.68,102.18,3,1,2,有,有,4700000,45997,0,0,63.17,6.18,13.04,有,24.9618579,121.2553408
中壢區,房地(土地+建物)+車位,桃園市中壢區興仁路二段２９７巷１８號二樓,住,1110318,土地1建物1車位1,二層,八層,華廈(10層含以下有電梯),住家用,鋼筋混凝土造,18.7,134.66,4,2,2,有,有,7280000,54062,0,0,84.16,2.82,10.82,有,24.9636461,121.265169
中壢區,房地(土地+建物),桃園市中壢區志成路８９號,住,1110222,土地1建物1車位0,全,三層,透天厝,住商用,鋼筋混凝土造,100,225.41,3,2,2,有,無,6164600,27348,0,0,225.41,0,0,無,24.9578645,121.2074784
中壢區,房地(土地+建物),桃園市中壢區高鐵南路二段３６２之５號十二樓,都市：其他:第一種商業區,1110321,土地2建物1車位0,十二層,二十五層,住宅大樓(11層含以上有電梯),住家用,鋼筋混凝土造,8.42,64.7,1,1,1,有,有,9600000,148377,0,0,38,0,4.06,有,25.0014113,121.2033564
中壢區,房地(土地+建物)+車位,桃園市中壢區內江街２７號八樓,住,1110313,土地1建物1車位1,八層,十二層,住宅大樓(11層含以上有電梯),住家用,鋼筋混凝土造,17.41,127.24,2,2,1,有,有,8600000,67589,0,0,50.92,3.4,4.11,有,24.9478243,121.2321718
中壢區,房地(土地+建物),桃園市中壢區榮安八街６８號,住,1110217,土地1建物1車位0,全,二層,透天厝,住家用,加強磚造,71,122.93,4,2,3,有,無,9900000,80534,0,0,96.14,20.69,6.1,無,24.9622968,121.2587495
中壢區,房地(土地+建物),桃園市中壢區榮安八街６６號,住,1110217,土地1建物1車位0,全,二層,透天厝,住家用,加強磚造,71,122.93,4,2,4,有,無,9900000,80534,0,0,96.14,20.69,6.1,無,24.9623231,121.2587348
中壢區,房地(土地+建物),桃園市中壢區新中二街４３之１號六樓,住,1110327,土地1建物1車位0,六層,六層,華廈(10層含以下有電梯),住家用,鋼筋混凝土造,25.96,109.67,5,0,5,有,有,5720000,52156,0,0,81.4,0,6.95,有,24.9579767,121.242946
中壢區,房地(土地+建物),桃園市中壢區環北路３５２號十五樓之５,住,1110303,土地1建物1車位0,十五層,二十一層,住宅大樓(11層含以上有電梯),住家用,鋼筋混凝土造,5.12,65.94,1,1,1,有,有,6950000,105399,0,0,42.31,0,7.09,有,24.9657121,121.2241077
中壢區,房地(土地+建物),桃園市中壢區民權路三段３５巷１弄１１６號,住,1110408,土地1建物1車位0,全,二層,透天厝,住家用,加強磚造,41,54,2,1,1,有,無,2650000,49074,0,0,54,0,0,無,24.9701818,121.2147416
中壢區,房地(土地+建物),桃園市中壢區中園路３２之２號五樓,住,1110306,土地1建物1車位0,五層,二十三層,住宅大樓(11層含以上有電梯),住家用,鋼筋混凝土造,7.53,85.88,2,2,1,有,有,6650000,77434,0,0,54.78,2.03,7.7,有,24.9658129,121.2370908
中壢區,房地(土地+建物)+車位,桃園市中壢區環北路７１之１號五樓,住,1110321,土地2建物1車位1,五層,十四層,住宅大樓(11層含以上有電梯),住家用,鋼筋混凝土造,22.95,204.46,4,2,2,有,有,12200000,59669,0,0,119.86,0.55,14.23,有,24.9663408,121.2185006
中壢區,房地(土地+建物),桃園市中壢區元生三街５號,住,1110312,土地1建物4車位0,一層,十層,華廈(10層含以下有電梯),商業用,鋼筋混凝土造,38.69,167.1,0,0,1,有,有,37000000,221424,0,0,124.27,0,0,有,24.9768059,121.2513489
中壢區,房地(土地+建物),桃園市中壢區榮民南路１５２巷９號,住,1110228,土地1建物1車位0,全,二層,透天厝,住家用,加強磚造,72.28,91.36,4,2,2,有,無,6580000,72023,0,0,91.36,0,0,無,24.954147,121.2567936
中壢區,房地(土地+建物)+車位,桃園市中壢區金鋒四街６２號十四樓,商,1110301,土地1建物1車位1,十四層,十四層,住宅大樓(11層含以上有電梯),住家用,鋼筋混凝土造,17.11,149.17,3,2,2,有,有,8100000,54300,0,1500000,73.95,0,9.39,有,24.9457442,121.2486981
中壢區,房地(土地+建物)+車位,桃園市中壢區九和五街１８號十五樓之１,住,1110316,土地1建物1車位1,十五層,十五層,住宅大樓(11層含以上有電梯),住家用,鋼筋混凝土造,19.61,198.84,4,2,2,有,有,15460000,86579,37.6,1500000,113.72,0.65,16.79,有,24.9643965,121.2236329
中壢區,房地(土地+建物),桃園市中壢區三光路３７７號,住,1110329,土地1建物1車位0,全,三層,透天厝,住家用,鋼筋混凝土造,86,163.52,6,2,6,有,無,7811900,47773,0,0,163.52,0,0,無,24.9646049,121.2158676
中壢區,房地(土地+建物),桃園市中壢區元化路２６８號十三樓之１２,住,1110306,土地1建物1車位0,十三層,十四層,住宅大樓(11層含以上有電梯),住家用,鋼筋混凝土造,6.97,51.49,0,1,1,有,有,4450000,86425,0,0,33.45,0,4.84,有,24.9619128,121.2252101
中壢區,房地(土地+建物)+車位,桃園市中壢區自忠街９５之１號五樓,住,1110320,土地1建物1車位1,五層,六層,華廈(10層含以下有電梯),住家用,鋼筋混凝土造,17.61,104.93,2,2,1,有,有,6050000,57657,0,0,53.44,1.3,8.46,有,24.944408,121.223864
中壢區,房地(土地+建物),桃園市中壢區中華路二段１８９巷１５９弄８號,工,1110319,土地3建物1車位0,全,一層,透天厝,住家用,磚造,206,46.36,0,0,0,無,無,8330000,179681,0,0,46.36,0,0,無,24.9623899,121.2401238
中壢區,房地(土地+建物),桃園市中壢區漢口街４４號,住,1110307,土地1建物1車位0,全,二層,透天厝,住家用,加強磚造,156,201.74,5,2,2,有,無,20000000,99138,0,0,193.68,8.06,0,無,24.9531414,121.2309647
中壢區,房地(土地+建物)+車位,桃園市中壢區松義路７２號十四樓,商,1110305,土地1建物1車位1,十四層,十八層,住宅大樓(11層含以上有電梯),住家用,鋼筋混凝土造,13.92,150.5,2,2,2,有,有,11500000,76412,0,0,71.21,0,6.62,有,24.959401,121.1658374
中壢區,房地(土地+建物)+車位,桃園市中壢區松義路７６號十八樓,商,1110318,土地1建物1車位1,十八層,十八層,住宅大樓(11層含以上有電梯),住家用,鋼筋混凝土造,19.91,193.1,3,2,2,有,有,13300000,68876,0,0,99.5,0,12.32,有,24.959401,121.1658374
中壢區,房地(土地+建物),桃園市中壢區福安一街１５巷１１號三樓,住,1110309,土地1建物1車位0,三層,六層,華廈(10層含以下有電梯),住家用,鋼筋混凝土造,26.25,115.84,3,2,2,有,有,6100000,52659,0,0,85.85,2.49,6.85,有,24.9691801,121.2332916
中壢區,房地(土地+建物),桃園市中壢區民權路１６２巷１之２號,住,1110323,土地1建物1車位0,三層,四層,公寓(5樓含以下無電梯),住家用,鋼筋混凝土造,22.11,48.36,3,2,1,有,無,3200000,66170,0,0,48.36,0,0,無,24.9593267,121.2177012
中壢區,房地(土地+建物),桃園市中壢區元生三街１１５巷１號三樓,住,1110322,土地1建物1車位0,三層,十二層,住宅大樓(11層含以上有電梯),住家用,鋼筋混凝土造,22.2,101.18,3,2,1,有,有,6500000,64242,0,0,70.07,0,5.7,有,24.9780248,121.2534097
中壢區,房地(土地+建物)+車位,桃園市中壢區青商路５８號十三樓,住,1110306,土地1建物1車位1,十三層,十五層,住宅大樓(11層含以上有電梯),住家用,鋼筋混凝土造,20.58,140.47,2,1,1,有,有,11820000,84146,0,0,56.04,3.53,5.99,有,25.0081339,121.21957
中壢區,房地(土地+建物)+車位,桃園市中壢區領航北路二段２１８號十四樓,住,1110406,土地1建物1車位1,十四層,十五層,住宅大樓(11層含以上有電梯),住家用,鋼筋混凝土造,19.58,127.5,2,2,2,有,有,12100000,94902,0,0,57.74,3.28,4.15,有,25.008881,121.2044021
中壢區,房地(土地+建物)+車位,桃園市中壢區文發路２３號六樓,住,1090911,土地1建物1車位1,六層,十三層,住宅大樓(11層含以上有電梯),住家用,鋼筋混凝土造,24.92,150.64,3,2,2,有,有,11160000,83062,34.1,1480000,71.2,0,6.9,有,25.0028274,121.2093378
中壢區,房地(土地+建物)+車位,桃園市中壢區文發路１７號八樓,住,1100409,土地1建物1車位1,八層,十三層,住宅大樓(11層含以上有電梯),住家用,鋼筋混凝土造,24.92,153.46,3,2,2,有,有,12680000,91907,34.1,1710000,71.2,0,6.9,有,25.002855,121.2093159
中壢區,房地(土地+建物)+車位,桃園市中壢區南園二路２９６巷１２號三樓,住,1110309,土地1建物1車位2,三層,十五層,住宅大樓(11層含以上有電梯),住家用,鋼筋混凝土造,31.69,235.02,4,2,2,有,有,15000000,63824,0,0,103.75,3.12,10.38,有,24.9725891,121.2279467
中壢區,房地(土地+建物),桃園市中壢區慈惠二街４８號五樓,住,1110312,土地2建物1車位0,五層,五層,公寓(5樓含以下無電梯),住家用,鋼筋混凝土造,26.25,84.5,2,2,2,有,無,5000000,59172,0,0,71.4,13.1,0,無,24.96046,121.2244162
中壢區,房地(土地+建物),桃園市中壢區龍東路４４５巷３０９號六樓之３,住,1110320,土地1建物1車位0,六層,七層,華廈(10層含以下有電梯),住家用,鋼筋混凝土造,6.59,35.64,1,1,1,有,有,1800000,50505,0,0,22.5,0,4.18,有,24.9349527,121.2495059
中壢區,房地(土地+建物),桃園市中壢區龍岡路一段７１號七樓,住,1110304,土地1建物1車位0,七層,七層,華廈(10層含以下有電梯),住家用,鋼筋混凝土造,15.57,70.31,3,0,3,有,無,5300000,75380,0,0,68.2,0,0,有,24.9507833,121.2232007
中壢區,房地(土地+建物)+車位,桃園市中壢區中園路２８之１６號十四樓,住,1110316,土地1建物1車位1,十四層,十五層,住宅大樓(11層含以上有電梯),住家用,鋼筋混凝土造,11.7,145.75,3,2,2,有,有,11000000,75472,24.48,0,83.38,0.95,3.22,有,24.96519,121.2374633
中壢區,房地(土地+建物)+車位,桃園市中壢區松勇一街６１號六樓,住,1110315,土地1建物1車位1,六層,十層,華廈(10層含以下有電梯),住家用,鋼筋混凝土造,39.81,162.14,3,2,2,有,有,12400000,76477,39.03,0,77.8,1.78,6.51,有,24.9616448,121.1632271
中壢區,房地(土地+建物),桃園市中壢區成章二街５８２號四樓,住,1110313,土地1建物1車位0,四層,四層,公寓(5樓含以下無電梯),住家用,鋼筋混凝土造,30.25,116.55,4,2,3,有,無,6000000,51480,0,0,107.25,0,9.3,無,24.9789031,121.2515075
中壢區,房地(土地+建物),桃園市中壢區山錦路４３０巷７６號,,1110324,土地3建物1車位0,全,五層,透天厝,住家用,鋼筋混凝土造,128.89,250.57,5,2,5,有,有,11500000,45895,0,0,245.85,0,4.4,無,24.9987532,121.1747747
中壢區,房地(土地+建物),桃園市中壢區志成路３之９號,住,1110301,土地1建物1車位0,一層，騎樓,五層,公寓(5樓含以下無電梯),住家用,鋼筋混凝土造,40.17,124.34,4,2,2,有,有,6500000,52276,0,0,83.34,0,0,無,24.9572727,121.2095847
中壢區,房地(土地+建物)+車位,桃園市中壢區文發路２３號三樓,住,1110313,土地1建物1車位1,三層,十三層,住宅大樓(11層含以上有電梯),住家用,鋼筋混凝土造,24.92,150.64,3,2,2,有,有,15030000,113094,34.1,1850000,71.2,0,6.9,有,25.0028274,121.2093378
中壢區,房地(土地+建物)+車位,桃園市中壢區文發路２３號五樓,住,1110219,土地1建物1車位1,五層,十三層,住宅大樓(11層含以上有電梯),住家用,鋼筋混凝土造,24.92,150.64,3,2,2,有,有,15400000,115840,34.1,1900000,71.2,0,6.9,有,25.0028274,121.2093378
中壢區,房地(土地+建物)+車位,桃園市中壢區民族路五段５２０號六樓,商,1110224,土地1建物1車位1,六層,十五層,住宅大樓(11層含以上有電梯),住家用,鋼筋混凝土造,18.33,174.14,3,2,2,有,有,10380000,59607,0,0,82.09,3.6,10.02,有,24.95806,121.1660413
中壢區,房地(土地+建物),桃園市中壢區興安一街５２號七樓之３,住,1110319,土地1建物1車位0,七層,十三層,住宅大樓(11層含以上有電梯),住家用,鋼筋混凝土造,13.36,90.71,2,0,2,有,有,4800000,52916,0,0,47.98,3.3,4.7,有,24.9667006,121.2648273
中壢區,房地(土地+建物),桃園市中壢區興仁路二段６７巷９９弄３號四樓,住,1110407,土地1建物1車位0,四層,五層,公寓(5樓含以下無電梯),住家用,鋼筋混凝土造,23.24,73.63,4,0,4,有,無,5000000,67907,0,0,63.91,0,9.72,無,24.9673238,121.264276
中壢區,房地(土地+建物)+車位,桃園市中壢區強國路３９號,住,1110409,土地1建物1車位1,一層,十五層,住宅大樓(11層含以上有電梯),住家用,鋼筋混凝土造,25.96,152.99,3,2,2,有,有,13500000,88241,22.79,0,76.83,0,11,有,24.9675811,121.2591049
中壢區,房地(土地+建物),桃園市中壢區復華六街５９號二樓,住,1110324,土地1建物1車位0,二層,七層,華廈(10層含以下有電梯),住家用,鋼筋混凝土造,17.12,86.93,3,2,2,有,有,4600000,52916,0,0,65.6,0,7.5,有,24.9708629,121.249275
中壢區,房地(土地+建物),桃園市中壢區文化路３０６號十二樓之１１,住,1110316,土地2建物1車位0,十二層,十三層,住宅大樓(11層含以上有電梯),住家用,鋼筋混凝土造,21.23,110.71,3,1,2,有,有,6900000,62325,0,0,78.13,0,0,有,24.97782,121.2517823
中壢區,房地(土地+建物)+車位,桃園市中壢區永福路１０９８號九樓,住,1110406,土地1建物1車位1,九層,十四層,住宅大樓(11層含以上有電梯),住家用,鋼筋混凝土造,35.39,188.07,3,2,2,有,有,10050000,53438,0,0,100.43,0,13.02,有,24.9657966,121.2523453
中壢區,房地(土地+建物)+車位,桃園市中壢區文發路７號五樓,住,1110110,土地1建物1車位1,五層,十三層,住宅大樓(11層含以上有電梯),住家用,鋼筋混凝土造,24.92,150.61,3,2,2,有,有,14430000,106686,34.1,2000000,71.2,0,6.9,有,25.0030647,121.2091232
中壢區,房地(土地+建物),桃園市中壢區榮民南路９０６號,住,1110221,土地4建物1車位0,全,四層,透天厝,住商用,鋼筋混凝土造,82.26,326.4,0,0,0,無,無,20500000,62806,0,0,259.36,4.61,32.72,無,24.9376998,121.2548401
中壢區,房地(土地+建物),桃園市中壢區中園路２２號三樓之１２,住,1110328,土地1建物1車位0,三層,十五層,住宅大樓(11層含以上有電梯),住家用,鋼筋混凝土造,5.32,61.77,1,0,1,有,有,4600000,74470,0,0,40.27,0,3.59,有,24.9652451,121.2364829
中壢區,房地(土地+建物)+車位,桃園市中壢區青商路３５７號八樓,商,1110326,土地1建物1車位1,八層,二十層,住宅大樓(11層含以上有電梯),住家用,鋼筋混凝土造,10.6,99.76,3,2,2,有,有,7811500,78303,0,0,51.79,3.56,4.9,有,25.0110839,121.221798
中壢區,房地(土地+建物),桃園市中壢區永園路一段１１０號十三樓,住,1110309,土地1建物1車位0,十三層,二十層,住宅大樓(11層含以上有電梯),住家用,鋼筋混凝土造,16.83,92.99,2,2,1,有,有,9880000,106248,0,0,53.69,5.16,3.03,有,25.0110096,121.2011284
中壢區,房地(土地+建物),桃園市中壢區龍岡路三段２６２巷１９５弄１６號,住,1110325,土地1建物1車位0,全,四層,透天厝,住家用,鋼筋混凝土造,67.43,181.17,4,4,4,有,無,9500000,52437,0,0,169.69,0,11.48,無,24.9313245,121.2311299
中壢區,房地(土地+建物),桃園市中壢區興仁路二段９９號七樓之２７,住,1110328,土地1建物1車位0,七層,十層,華廈(10層含以下有電梯),住家用,鋼筋混凝土造,7.28,34.58,1,1,1,有,有,1550000,44824,0,0,17.67,2.33,2.64,有,24.9665304,121.2634815
中壢區,房地(土地+建物)+車位,桃園市中壢區文發路９號十三樓,住,1100807,土地1建物1車位1,十三層,十三層,住宅大樓(11層含以上有電梯),住家用,鋼筋混凝土造,25.83,154.86,3,2,2,有,有,12580000,89020,34.1,1830000,73.9,0,7.03,有,25.0028921,121.2092873
中壢區,房地(土地+建物)+車位,桃園市中壢區文發路３號九樓,住,1101219,土地1建物1車位1,九層,十三層,住宅大樓(11層含以上有電梯),住家用,鋼筋混凝土造,26.51,158,2,2,2,有,有,16030000,114044,34.1,1900000,76.14,0,6.9,有,25.002881,121.2092043
中壢區,房地(土地+建物)+車位,桃園市中壢區文發路１號二樓,住,1100105,土地1建物1車位2,二層,十三層,住宅大樓(11層含以上有電梯),住家用,鋼筋混凝土造,26.96,193.77,3,2,2,有,有,13500000,83858,68.2,2970000,77.09,0,7.03,有,25.0001709,121.2107003
中壢區,房地(土地+建物)+車位,桃園市中壢區文發路１號四樓,住,1100129,土地1建物1車位1,四層,十三層,住宅大樓(11層含以上有電梯),住家用,鋼筋混凝土造,26.91,159.67,3,2,2,有,有,12300000,85052,34.1,1620000,77.09,0,7.03,有,25.0001709,121.2107003
中壢區,房地(土地+建物)+車位,桃園市中壢區光輝街２６號四樓,住,1101012,土地1建物1車位1,四層,十一層,住宅大樓(11層含以上有電梯),住家用,鋼筋混凝土造,22.76,131.12,2,2,1,有,有,11080000,99671,37.01,1700000,59.25,0,3.33,有,24.965167,121.2176633
中壢區,房地(土地+建物),桃園市中壢區龍慈路６５號四樓,住,1101012,土地1建物1車位0,四層,十五層,住宅大樓(11層含以上有電梯),住家用,鋼筋混凝土造,16.11,94.17,2,2,1,有,有,6696000,71105,0,0,55.56,0,7.23,有,24.9430735,121.2473763
中壢區,房地(土地+建物)+車位,桃園市中壢區龍慈路６１號十樓,住,1080816,土地1建物1車位1,十層,十五層,住宅大樓(11層含以上有電梯),住家用,鋼筋混凝土造,20.09,117.26,2,2,1,有,有,8033000,71991,24.86,1381000,57.86,0,3.75,有,24.9431028,121.2474053
中壢區,房地(土地+建物)+車位,桃園市中壢區合圳北路二段３３１巷１８號,工,1110325,土地2建物1車位1,全,四層,透天厝,商業用,鋼筋混凝土造,101.83,191.52,4,2,3,有,有,12650000,66051,0,0,164.6,3.03,23.89,無,25.0033703,121.2470993
中壢區,房地(土地+建物)+車位,桃園市中壢區龍慈路７５號七樓,住,1080508,土地1建物1車位1,七層,十五層,住宅大樓(11層含以上有電梯),住家用,鋼筋混凝土造,20.72,121.15,2,2,1,有,有,8139000,71764,26.98,1381000,55.56,0,7.23,有,24.9430004,121.2473038
中壢區,房地(土地+建物)+車位,桃園市中壢區龍慈路７５號九樓,住,1101231,土地1建物1車位1,九層,十五層,住宅大樓(11層含以上有電梯),住家用,鋼筋混凝土造,20.72,121.15,2,2,1,有,有,8271000,72040,26.98,1487000,55.56,0,7.23,有,24.9430004,121.2473038
中壢區,房地(土地+建物),桃園市中壢區龍慈路７９號二樓,住,1110301,土地1建物1車位0,二層,十五層,住宅大樓(11層含以上有電梯),住家用,鋼筋混凝土造,15.14,88.54,2,2,1,有,有,6327000,71459,0,0,55.46,0,3.58,有,24.9429712,121.2472748
中壢區,房地(土地+建物)+車位,桃園市中壢區龍慈路６３號十四樓,住,1080526,土地1建物1車位1,十四層,十五層,住宅大樓(11層含以上有電梯),住家用,鋼筋混凝土造,20.69,121,2,2,1,有,有,8289000,72346,26.98,1487000,55.46,0,7.23,有,24.9430881,121.2473908
中壢區,房地(土地+建物)+車位,桃園市中壢區文智路１６６號十一樓,住,1110329,土地1建物1車位1,十一層,十八層,住宅大樓(11層含以上有電梯),住家用,鋼筋混凝土造,41.35,259.94,3,2,2,有,有,26450000,101754,0,0,135.59,4.29,13.8,有,25.0019025,121.2089504
中壢區,房地(土地+建物)+車位,桃園市中壢區龍慈路６７號六樓,住,1080305,土地1建物1車位1,六層,十五層,住宅大樓(11層含以上有電梯),住家用,鋼筋混凝土造,26.38,154.22,3,2,2,有,有,10506000,71715,26.98,1381000,76.89,0,7.95,有,24.9430589,121.2473618
中壢區,房地(土地+建物),桃園市中壢區龍慈路５１號四樓,住,1080615,土地1建物1車位0,四層,十五層,住宅大樓(11層含以上有電梯),住家用,鋼筋混凝土造,16.18,94.55,2,2,1,有,有,6723000,71105,0,0,55.82,0,7.23,有,24.9432607,121.2473737
中壢區,房地(土地+建物)+車位,桃園市中壢區龍慈路７７號四樓,住,1080412,土地1建物1車位1,四層,十五層,住宅大樓(11層含以上有電梯),住家用,鋼筋混凝土造,20.69,121,2,2,1,有,有,8069000,71134,26.98,1381000,55.46,0,7.23,有,24.9429858,121.2472893
中壢區,房地(土地+建物)+車位,桃園市中壢區龍慈路７３號十一樓,住,1080222,土地1建物1車位1,十一層,十五層,住宅大樓(11層含以上有電梯),住家用,鋼筋混凝土造,26.38,154.22,3,2,2,有,有,10541000,71990,26.98,1381000,76.89,0,7.95,有,24.9430151,121.2473183
中壢區,房地(土地+建物),桃園市中壢區福壽一街６５號,住,1110322,土地1建物1車位0,一層，二層,十四層,住宅大樓(11層含以上有電梯),住商用,鋼筋混凝土造,12.63,79.49,2,2,2,有,有,920000,11574,0,0,67.06,7.01,0,有,24.9641801,121.2311616
中壢區,房地(土地+建物)+車位,桃園市中壢區龍慈路７５號,住,1100919,土地1建物1車位1,一層，見其他登記事項,十五層,住宅大樓(11層含以上有電梯),商業用,鋼筋混凝土造,47.04,274.93,0,0,0,無,有,41245000,160347,26.98,1487000,154.96,0,10.37,有,24.9430004,121.2473038
中壢區,房地(土地+建物)+車位,桃園市中壢區龍慈路５１號十四樓,住,1080428,土地1建物1車位1,十四層,十五層,住宅大樓(11層含以上有電梯),住家用,鋼筋混凝土造,20.79,121.53,2,2,1,有,有,8324000,72311,26.98,1487000,55.82,0,7.23,有,24.9432607,121.2473737
中壢區,房地(土地+建物)+車位,桃園市中壢區龍慈路５３號十四樓,住,1080428,土地1建物1車位1,十四層,十五層,其他,住家用,鋼筋混凝土造,20.89,122.09,2,2,1,有,有,8368000,72348,26.98,1487000,57.63,0,5.79,有,24.9432461,121.2473592
中壢區,房地(土地+建物)+車位,桃園市中壢區龍慈路５３號三樓,住,1100604,土地1建物1車位1,三層,十五層,住宅大樓(11層含以上有電梯),住家用,鋼筋混凝土造,20.55,119.97,2,2,1,有,有,8174000,71423,24.86,1381000,57.63,0,5.79,有,24.9432461,121.2473592
中壢區,房地(土地+建物),桃園市中壢區龍慈路５９號三樓,住,1101130,土地1建物1車位0,三層,十五層,其他,住家用,鋼筋混凝土造,16.27,95.11,2,2,1,有,有,6793000,71423,0,0,57.63,0,5.79,有,24.9431174,121.2474198
中壢區,房地(土地+建物)+車位,桃園市中壢區龍慈路８５號六樓,住,1100816,土地1建物1車位1,六層,十五層,其他,住家用,鋼筋混凝土造,20.71,121.1,2,2,1,有,有,8236000,71706,26.98,1487000,55.53,0,7.23,有,24.9429273,121.2472313
中壢區,房地(土地+建物)+車位,桃園市中壢區龍慈路５５號六樓,住,1090620,土地1建物1車位1,六層,十五層,住宅大樓(11層含以上有電梯),住家用,鋼筋混凝土造,23.26,135.96,2,2,2,有,有,9301000,71701,26.98,1487000,64.02,0,8.64,有,24.9431466,121.2474488
中壢區,房地(土地+建物),桃園市中壢區中北路７８號五樓　　,住,1110316,土地2建物1車位0,五層,五層,公寓(5樓含以下無電梯),住家用,鋼筋混凝土造,23.2,118.91,3,2,2,有,無,4500000,37844,0,0,108.79,0,10.12,無,24.9562068,121.2377757
中壢區,房地(土地+建物)+車位,桃園市中壢區環北路３９８號十六樓之６,住,1110409,土地1建物1車位1,十六層,二十二層,住宅大樓(11層含以上有電梯),辦公用,鋼筋混凝土造,9.73,117.76,0,0,0,無,有,5000000,42459,0,0,85.9,0,0,有,24.9655563,121.2263576
中壢區,房地(土地+建物)+車位,桃園市中壢區自忠街１０７號四樓　,住,1110326,土地1建物1車位1,四層,六層,華廈(10層含以下有電梯),住家用,鋼筋混凝土造,38.15,175.85,4,2,2,有,無,8400000,47768,0,0,126.76,0,18,有,24.944737,121.223617
中壢區,房地(土地+建物)+車位,桃園市中壢區環西路二段２２６巷７號七樓之３,住,1110308,土地1建物1車位1,七層,十五層,住宅大樓(11層含以上有電梯),住家用,鋼筋混凝土造,9.73,114.95,3,2,1,有,有,10680000,92910,15.25,0,58.66,0.68,13.12,有,24.9641397,121.2116888
中壢區,房地(土地+建物),桃園市中壢區龍慈路９３號八樓,住,1071124,土地1建物1車位0,八層,十五層,住宅大樓(11層含以上有電梯),住家用,鋼筋混凝土造,0.09,91.79,2,2,1,有,有,6608000,71990,0,0,54.2,0,7.01,有,24.9428689,121.2471734
中壢區,房地(土地+建物),桃園市中壢區大智街１０號四樓之１５,住,1110407,土地1建物1車位0,四層,五層,公寓(5樓含以下無電梯),住家用,鋼筋混凝土造,5.99,24.06,1,0,1,有,有,1150000,47797,0,0,18.08,0,0,無,24.9530493,121.2410852
中壢區,房地(土地+建物)+車位,桃園市中壢區正光二街８０號七樓,住,1110306,土地1建物1車位1,七層,十五層,住宅大樓(11層含以上有電梯),住家用,鋼筋混凝土造,17.13,127.83,2,2,1,有,有,8560000,66964,30.77,0,58.72,1.31,6.64,有,24.9604253,121.2055623
中壢區,房地(土地+建物),桃園市中壢區龍慈路５１號三樓,住,1080519,土地1建物1車位0,三層,十五層,住宅大樓(11層含以上有電梯),住家用,鋼筋混凝土造,16.18,94.55,2,2,1,有,有,6758000,71475,0,0,55.82,0,7.23,有,24.9432607,121.2473737
中壢區,房地(土地+建物)+車位,桃園市中壢區龍慈路６１號十三樓,住,1080719,土地1建物1車位1,十三層,十五層,住宅大樓(11層含以上有電梯),住家用,鋼筋混凝土造,20.42,119.38,2,2,1,有,有,8166000,72284,26.98,1487000,57.86,0,3.75,有,24.9431028,121.2474053
中壢區,房地(土地+建物)+車位,桃園市中壢區龍慈路５７號十四樓,住,1071128,土地1建物1車位1,十四層,十五層,住宅大樓(11層含以上有電梯),住家用,鋼筋混凝土造,23.26,135.96,4,2,2,有,有,9265000,72344,26.98,1381000,64.02,0,8.64,有,24.943132,121.2474343
中壢區,房地(土地+建物)+車位,桃園市中壢區龍慈路６７號八樓,住,1080508,土地1建物1車位1,八層,十五層,住宅大樓(11層含以上有電梯),住家用,鋼筋混凝土造,26.38,154.22,3,2,2,有,有,10647000,71990,26.98,1487000,76.89,0,7.95,有,24.9430589,121.2473618
中壢區,房地(土地+建物)+車位,桃園市中壢區龍慈路６３號十一樓,住,1090110,土地1建物1車位1,十一層,十五層,住宅大樓(11層含以上有電梯),住家用,鋼筋混凝土造,20.69,121,2,2,1,有,有,8254000,71974,26.98,1487000,55.46,0,7.23,有,24.9430881,121.2473908
中壢區,房地(土地+建物)+車位,桃園市中壢區龍慈路９１號五樓,住,1101224,土地1建物1車位1,五層,十五層,住宅大樓(11層含以上有電梯),住家用,鋼筋混凝土造,20.72,121.15,2,2,1,有,有,8245000,71764,26.98,1487000,55.56,0,7.23,有,24.9428835,121.2471879
中壢區,房地(土地+建物)+車位,桃園市中壢區龍慈路８７號二樓,住,1080710,土地1建物1車位1,二層,十五層,住宅大樓(11層含以上有電梯),住家用,鋼筋混凝土造,20.71,121.1,2,2,1,有,有,8210000,71430,26.98,1487000,55.53,0,7.23,有,24.9429127,121.2472168
中壢區,房地(土地+建物)+車位,桃園市中壢區龍慈路５７號八樓,住,1100616,土地1建物1車位1,八層,十五層,住宅大樓(11層含以上有電梯),住家用,鋼筋混凝土造,23.26,135.96,2,2,2,有,有,9230000,72022,26.98,1381000,64.02,0,8.64,有,24.943132,121.2474343
中壢區,房地(土地+建物),桃園市中壢區龍慈路５５號八樓,住,1100304,土地1建物1車位0,八層,十五層,住宅大樓(11層含以上有電梯),住家用,鋼筋混凝土造,18.64,108.97,2,2,2,有,有,7849000,72029,0,0,64.02,0,8.64,有,24.9431466,121.2474488
中壢區,房地(土地+建物),桃園市中壢區龍慈路５７號五樓,住,1100908,土地1建物1車位0,五層,十五層,住宅大樓(11層含以上有電梯),住家用,鋼筋混凝土造,18.64,108.97,2,2,2,有,有,7814000,71708,0,0,64.02,0,8.64,有,24.943132,121.2474343
中壢區,房地(土地+建物),桃園市中壢區龍慈路５５號七樓,住,1071204,土地1建物1車位0,七層,十五層,住宅大樓(11層含以上有電梯),住家用,鋼筋混凝土造,18.64,108.97,2,2,2,有,有,7814000,71708,0,0,64.02,0,8.64,有,24.9431466,121.2474488
中壢區,房地(土地+建物)+車位,桃園市中壢區龍慈路５５號二樓,住,1110118,土地1建物1車位1,二層,十五層,住宅大樓(11層含以上有電梯),住家用,鋼筋混凝土造,22.71,132.77,2,2,2,有,有,8931000,71368,26.98,1381000,61.95,0,8.58,有,24.9431466,121.2474488
中壢區,房地(土地+建物),桃園市中壢區龍慈路８９號九樓,住,1080109,土地1建物1車位0,九層,十五層,住宅大樓(11層含以上有電梯),住家用,鋼筋混凝土造,23.03,134.64,3,2,2,有,有,9697000,72022,0,0,77.54,0,12.24,有,24.9428981,121.2472023
中壢區,房地(土地+建物)+車位,桃園市中壢區龍慈路８９號五樓,住,1080131,土地1建物1車位1,五層,十五層,住宅大樓(11層含以上有電梯),住家用,鋼筋混凝土造,27.64,161.62,3,2,2,有,有,11034000,71695,26.98,1381000,77.54,0,12.24,有,24.9428981,121.2472023
中壢區,房地(土地+建物)+車位,桃園市中壢區龍慈路６９號九樓,住,1071202,土地1建物1車位1,九層,十五層,住宅大樓(11層含以上有電梯),住家用,鋼筋混凝土造,20.71,121.1,2,2,1,有,有,8263000,71993,26.98,1487000,55.53,0,7.23,有,24.9430443,121.2473473
中壢區,房地(土地+建物),桃園市中壢區龍慈路６１號六樓,住,1110119,土地1建物1車位0,六層,十五層,住宅大樓(11層含以上有電梯),住家用,鋼筋混凝土造,15.81,92.4,2,2,1,有,有,6626000,71710,0,0,57.86,0,3.75,有,24.9431028,121.2474053
中壢區,房地(土地+建物)+車位,桃園市中壢區龍慈路８９號四樓,住,1110304,土地1建物1車位1,四層,十五層,住宅大樓(11層含以上有電梯),住家用,鋼筋混凝土造,27.64,161.62,3,2,2,有,有,11061000,71108,26.98,1487000,77.54,0,12.24,有,24.9428981,121.2472023
中壢區,房地(土地+建物),桃園市中壢區龍慈路５９號十三樓,住,1080430,土地1建物1車位0,十三層,十五層,住宅大樓(11層含以上有電梯),住家用,鋼筋混凝土造,16.27,95.11,2,2,1,有,有,6881000,72348,0,0,57.63,0,5.79,有,24.9431174,121.2474198
中壢區,房地(土地+建物)+車位,桃園市中壢區龍慈路７３號十五樓,住,1110215,土地1建物1車位1,十五層,十五層,住宅大樓(11層含以上有電梯),住家用,鋼筋混凝土造,26.38,154.22,3,2,2,有,有,10621000,72619,26.98,1381000,76.89,0,7.95,有,24.9430151,121.2473183
中壢區,房地(土地+建物)+車位,桃園市中壢區龍慈路７７號十四樓,住,1090630,土地1建物1車位1,十四層,十五層,住宅大樓(11層含以上有電梯),住家用,鋼筋混凝土造,20.69,121,2,2,1,有,有,8289000,72346,26.98,1487000,55.46,0,7.23,有,24.9429858,121.2472893
中壢區,房地(土地+建物)+車位,桃園市中壢區龍慈路８３號五樓,住,1071207,土地1建物1車位1,五層,十五層,住宅大樓(11層含以上有電梯),住家用,鋼筋混凝土造,27.64,161.62,3,2,2,有,有,11034000,71695,26.98,1381000,77.54,0,12.24,有,24.942942,121.2472458
中壢區,房地(土地+建物)+車位,桃園市中壢區龍慈路８９號七樓,住,1100310,土地1建物1車位1,七層,十五層,住宅大樓(11層含以上有電梯),住家用,鋼筋混凝土造,27.64,161.62,3,2,2,有,有,11034000,71695,26.98,1381000,77.54,0,12.24,有,24.9428981,121.2472023
中壢區,房地(土地+建物)+車位,桃園市中壢區龍慈路６９號四樓,住,1100820,土地1建物1車位1,四層,十五層,住宅大樓(11層含以上有電梯),住家用,鋼筋混凝土造,20.71,121.1,2,2,1,有,有,8183000,71143,26.98,1487000,55.53,0,7.23,有,24.9430443,121.2473473
中壢區,房地(土地+建物)+車位,桃園市中壢區龍慈路８９號二樓,住,1091110,土地1建物1車位1,二層,十五層,住宅大樓(11層含以上有電梯),住家用,鋼筋混凝土造,27.21,159.06,3,2,2,有,有,10920000,71419,26.98,1487000,77.54,0,10.53,有,24.9428981,121.2472023
中壢區,房地(土地+建物)+車位,桃園市中壢區龍慈路７７號十一樓,住,1100906,土地1建物1車位1,十一層,十五層,住宅大樓(11層含以上有電梯),住家用,鋼筋混凝土造,20.69,121,2,2,1,有,有,8148000,71974,26.98,1381000,55.46,0,7.23,有,24.9429858,121.2472893
中壢區,房地(土地+建物)+車位,桃園市中壢區龍慈路６１號十二樓,住,1080801,土地1建物1車位1,十二層,十五層,住宅大樓(11層含以上有電梯),住家用,鋼筋混凝土造,20.42,119.38,2,2,1,有,有,8166000,72284,26.98,1487000,57.86,0,3.75,有,24.9431028,121.2474053
中壢區,房地(土地+建物)+車位,桃園市中壢區龍慈路６３號十三樓,住,1080618,土地1建物1車位1,十三層,十五層,住宅大樓(11層含以上有電梯),住家用,鋼筋混凝土造,20.69,121,2,2,1,有,有,8183000,72346,26.98,1381000,55.46,0,7.23,有,24.9430881,121.2473908
中壢區,房地(土地+建物)+車位,桃園市中壢區龍慈路９３號五樓,住,1081030,土地1建物1車位1,五層,十五層,住宅大樓(11層含以上有電梯),住家用,鋼筋混凝土造,19.98,116.65,2,2,1,有,有,7866000,71707,24.86,1284000,54.2,0,7.01,有,24.9428689,121.2471734
中壢區,房地(土地+建物),桃園市中壢區龍慈路５５號十二樓,住,1100830,土地1建物1車位0,十二層,十五層,住宅大樓(11層含以上有電梯),住家用,鋼筋混凝土造,18.64,108.97,2,2,1,有,有,7884000,72350,0,0,64.02,0,8.64,有,24.9431466,121.2474488
中壢區,房地(土地+建物),桃園市中壢區龍慈路８３號二樓,住,1090822,土地1建物1車位0,二層,十五層,住宅大樓(11層含以上有電梯),住家用,鋼筋混凝土造,22.59,132.08,3,2,2,有,有,9433000,71419,0,0,77.54,0,10.53,有,24.942942,121.2472458
中壢區,房地(土地+建物)+車位,桃園市中壢區龍慈路８５號四樓,住,1081127,土地1建物1車位1,四層,十五層,住宅大樓(11層含以上有電梯),住家用,鋼筋混凝土造,20.71,121.1,2,2,1,有,有,8077000,71143,26.98,1381000,55.53,0,7.23,有,24.9429273,121.2472313
中壢區,房地(土地+建物)+車位,桃園市中壢區龍慈路８１號九樓,住,1071205,土地1建物1車位1,九層,十五層,住宅大樓(11層含以上有電梯),住家用,鋼筋混凝土造,20.39,119.03,2,2,1,有,有,8165000,72040,24.86,1381000,55.56,0,7.23,有,24.9429566,121.2472603
中壢區,房地(土地+建物),桃園市中壢區龍慈路５９號四樓,住,1090401,土地1建物1車位0,四層,十五層,住宅大樓(11層含以上有電梯),住家用,鋼筋混凝土造,16.27,95.11,2,2,1,有,有,6767000,71149,0,0,57.63,0,5.79,有,24.9431174,121.2474198
中壢區,房地(土地+建物)+車位,桃園市中壢區龍慈路６７號九樓,住,1071226,土地1建物1車位1,九層,十五層,住宅大樓(11層含以上有電梯),住家用,鋼筋混凝土造,26.38,154.22,3,2,2,有,有,10541000,71990,26.98,1381000,76.89,0,7.95,有,24.9430589,121.2473618
中壢區,房地(土地+建物)+車位,桃園市中壢區龍慈路９３號十三樓,住,1071125,土地1建物1車位1,十三層,十五層,住宅大樓(11層含以上有電梯),住家用,鋼筋混凝土造,20.32,118.77,2,2,2,有,有,8016000,72285,26.98,1381000,54.2,0,7.01,有,24.9428689,121.2471734
中壢區,房地(土地+建物)+車位,桃園市中壢區龍慈路９３號九樓,住,1071221,土地1建物1車位1,九層,十五層,住宅大樓(11層含以上有電梯),住家用,鋼筋混凝土造,20.32,118.77,2,2,2,有,有,7989000,71990,26.98,1381000,54.2,0,7.01,有,24.9428689,121.2471734
中壢區,房地(土地+建物),桃園市中壢區龍慈路９３號十樓,住,1071126,土地1建物1車位0,十層,十五層,住宅大樓(11層含以上有電梯),住家用,鋼筋混凝土造,15.71,91.79,2,2,2,有,有,6608000,71990,0,0,54.2,0,7.01,有,24.9428689,121.2471734
中壢區,房地(土地+建物),桃園市中壢區龍慈路８１號十四樓,住,1080510,土地1建物1車位0,十四層,十五層,住宅大樓(11層含以上有電梯),住家用,鋼筋混凝土造,16.11,94.17,2,2,1,有,有,6811000,72327,0,0,55.56,0,7.23,有,24.9429566,121.2472603
中壢區,房地(土地+建物)+車位,桃園市中壢區龍慈路６５號十一樓,住,1080511,土地1建物1車位1,十一層,十五層,住宅大樓(11層含以上有電梯),住家用,鋼筋混凝土造,20.72,121.15,2,2,1,有,有,8271000,72040,26.98,1487000,55.56,0,7.23,有,24.9430735,121.2473763
中壢區,房地(土地+建物),桃園市中壢區龍慈路６９號八樓,住,1071128,土地1建物1車位0,八層,十五層,住宅大樓(11層含以上有電梯),住家用,鋼筋混凝土造,16.1,94.12,2,2,1,有,有,6776000,71993,0,0,55.53,0,7.23,有,24.9430443,121.2473473
中壢區,房地(土地+建物)+車位,桃園市中壢區龍慈路６７號四樓,住,1080524,土地1建物1車位1,四層,十五層,住宅大樓(11層含以上有電梯),住家用,鋼筋混凝土造,26.38,154.22,3,2,2,有,有,10427000,71094,26.98,1381000,76.89,0,7.95,有,24.9430589,121.2473618
中壢區,房地(土地+建物)+車位,桃園市中壢區龍慈路６７號七樓,住,1100129,土地1建物1車位1,七層,十五層,住宅大樓(11層含以上有電梯),住家用,鋼筋混凝土造,26.38,154.22,3,2,2,有,有,10612000,71715,26.98,1487000,76.89,0,7.95,有,24.9430589,121.2473618
中壢區,房地(土地+建物)+車位,桃園市中壢區龍慈路６３號十樓,住,1101201,土地1建物1車位1,十層,十五層,住宅大樓(11層含以上有電梯),住家用,鋼筋混凝土造,20.69,121,2,2,1,有,有,8254000,71974,26.98,1487000,55.46,0,7.23,有,24.9430881,121.2473908
中壢區,房地(土地+建物)+車位,桃園市中壢區龍慈路７５號十樓,住,1100510,土地1建物1車位1,十層,十五層,住宅大樓(11層含以上有電梯),住家用,鋼筋混凝土造,20.39,119.03,2,2,1,有,有,8165000,72040,24.86,1381000,55.56,0,7.23,有,24.9430004,121.2473038
中壢區,房地(土地+建物)+車位,桃園市中壢區龍慈路９３號四樓,住,1080106,土地1建物1車位1,四層,十五層,住宅大樓(11層含以上有電梯),住家用,鋼筋混凝土造,20.32,118.77,2,2,2,有,有,7910000,71130,26.98,1381000,54.2,0,7.01,有,24.9428689,121.2471734
中壢區,房地(土地+建物)+車位,桃園市中壢區龍慈路５１號七樓,住,1080313,土地1建物1車位1,七層,十五層,住宅大樓(11層含以上有電梯),住家用,鋼筋混凝土造,20.79,121.53,2,2,1,有,有,8165000,71750,26.98,1381000,55.82,0,7.23,有,24.9432607,121.2473737
中壢區,房地(土地+建物)+車位,桃園市中壢區龍慈路７３號八樓,住,1110217,土地1建物1車位1,八層,十五層,住宅大樓(11層含以上有電梯),住家用,鋼筋混凝土造,26.38,154.22,3,2,2,有,有,10541000,71990,26.98,1381000,76.89,0,7.95,有,24.9430151,121.2473183
中壢區,房地(土地+建物)+車位,桃園市中壢區龍慈路７５號五樓,住,1090711,土地1建物1車位1,五層,十五層,住宅大樓(11層含以上有電梯),住家用,鋼筋混凝土造,20.72,121.15,2,2,1,有,有,8245000,71764,26.98,1487000,55.56,0,7.23,有,24.9430004,121.2473038
中壢區,房地(土地+建物)+車位,桃園市中壢區龍慈路８７號三樓,住,1080103,土地1建物1車位1,三層,十五層,住宅大樓(11層含以上有電梯),住家用,鋼筋混凝土造,20.71,121.1,2,2,1,有,有,8104000,71430,26.98,1381000,55.53,0,7.23,有,24.9429127,121.2472168
中壢區,房地(土地+建物)+車位,桃園市中壢區龍慈路７１號十樓,住,1080225,土地1建物1車位1,十層,十五層,住宅大樓(11層含以上有電梯),住家用,鋼筋混凝土造,20.38,118.98,2,2,1,有,有,8060000,71993,24.86,1284000,55.53,0,7.23,有,24.9430297,121.2473328
中壢區,房地(土地+建物)+車位,桃園市中壢區龍慈路５９號七樓,住,1080610,土地1建物1車位1,七層,十五層,住宅大樓(11層含以上有電梯),住家用,鋼筋混凝土造,20.89,122.09,2,2,1,有,有,8307000,71706,26.98,1487000,57.63,0,5.79,有,24.9431174,121.2474198
中壢區,房地(土地+建物)+車位,桃園市中壢區龍慈路７７號三樓,住,1100511,土地1建物1車位1,三層,十五層,住宅大樓(11層含以上有電梯),住家用,鋼筋混凝土造,20.36,118.88,2,2,1,有,有,7998000,71410,24.86,1284000,55.46,0,7.23,有,24.9429858,121.2472893
中壢區,房地(土地+建物)+車位,桃園市中壢區龍慈路８５號九樓,住,1071207,土地1建物1車位1,九層,十五層,住宅大樓(11層含以上有電梯),住家用,鋼筋混凝土造,20.71,121.1,2,2,1,有,有,8157000,71993,26.98,1381000,55.53,0,7.23,有,24.9429273,121.2472313
中壢區,房地(土地+建物)+車位,桃園市中壢區龍慈路８３號十三樓,住,1071130,土地1建物1車位1,十三層,十五層,住宅大樓(11層含以上有電梯),住家用,鋼筋混凝土造,27.64,161.62,3,2,2,有,有,11122000,72348,26.98,1381000,77.54,0,12.24,有,24.942942,121.2472458
中壢區,房地(土地+建物)+車位,桃園市中壢區龍慈路６９號二樓,住,1100919,土地1建物1車位1,二層,十五層,住宅大樓(11層含以上有電梯),住家用,鋼筋混凝土造,20.71,121.1,2,2,1,有,有,8210000,71430,26.98,1487000,55.53,0,7.23,有,24.9430443,121.2473473
中壢區,房地(土地+建物),桃園市中壢區龍慈路８９號三樓,住,1081004,土地1建物1車位0,三層,十五層,住宅大樓(11層含以上有電梯),住家用,鋼筋混凝土造,23.03,134.64,3,2,2,有,有,9618000,71435,0,0,77.54,0,12.24,有,24.9428981,121.2472023
中壢區,房地(土地+建物)+車位,桃園市中壢區龍慈路５３號九樓,住,1090907,土地1建物1車位1,九層,十五層,住宅大樓(11層含以上有電梯),住家用,鋼筋混凝土造,208.86,122.09,2,2,1,有,有,8342000,72074,26.98,1487000,57.63,0,5.79,有,24.9432461,121.2473592
中壢區,房地(土地+建物),桃園市中壢區龍慈路６１號九樓,住,1080730,土地1建物1車位0,九層,十五層,住宅大樓(11層含以上有電梯),住家用,鋼筋混凝土造,15.81,92.4,2,2,1,有,有,6652000,71991,0,0,57.86,0,3.75,有,24.9431028,121.2474053
中壢區,房地(土地+建物)+車位,桃園市中壢區龍慈路６９號十二樓,住,1071226,土地1建物1車位1,十二層,十五層,住宅大樓(11層含以上有電梯),住家用,鋼筋混凝土造,20.71,121.1,2,2,1,有,有,8192000,72365,26.98,1381000,55.53,0,7.23,有,24.9430443,121.2473473
中壢區,房地(土地+建物)+車位,桃園市中壢區龍慈路７９號十樓,住,1080329,土地1建物1車位2,十層,十五層,住宅大樓(11層含以上有電梯),住家用,鋼筋混凝土造,25.31,147.98,2,2,1,有,有,9529000,71974,53.96,2762000,55.46,0,7.23,有,24.9429712,121.2472748
中壢區,房地(土地+建物)+車位,桃園市中壢區龍慈路９１號十二樓,住,1110118,土地1建物1車位1,十二層,十五層,住宅大樓(11層含以上有電梯),住家用,鋼筋混凝土造,20.72,121.15,2,2,1,有,有,8192000,72327,26.98,1381000,55.56,0,7.23,有,24.9428835,121.2471879
中壢區,房地(土地+建物),桃園市中壢區龍慈路５５號四樓,住,1100412,土地1建物1車位0,四層,十五層,住宅大樓(11層含以上有電梯),住家用,鋼筋混凝土造,18.64,108.97,2,2,2,有,有,7752000,71139,0,0,64.02,0,8.64,有,24.9431466,121.2474488
中壢區,房地(土地+建物)+車位,桃園市中壢區龍慈路８９號十二樓,住,1071123,土地1建物1車位1,十二層,十五層,住宅大樓(11層含以上有電梯),住家用,鋼筋混凝土造,27.64,161.62,3,2,2,有,有,11228000,72348,26.98,1487000,77.54,0,12.24,有,24.9428981,121.2472023
中壢區,房地(土地+建物)+車位,桃園市中壢區龍慈路７５號八樓,住,1110118,土地1建物1車位1,八層,十五層,住宅大樓(11層含以上有電梯),住家用,鋼筋混凝土造,20.72,121.15,2,2,1,有,有,8271000,72040,26.98,1487000,55.56,0,7.23,有,24.9430004,121.2473038
中壢區,房地(土地+建物)+車位,桃園市中壢區龍慈路６９號六樓,住,1071128,土地1建物1車位1,六層,十五層,住宅大樓(11層含以上有電梯),住家用,鋼筋混凝土造,20.38,118.98,2,2,1,有,有,8033000,71706,24.86,1284000,55.53,0,7.23,有,24.9430443,121.2473473
中壢區,房地(土地+建物)+車位,桃園市中壢區龍慈路６５號十三樓,住,1090720,土地1建物1車位1,十三層,十五層,住宅大樓(11層含以上有電梯),住家用,鋼筋混凝土造,20.72,121.15,2,2,1,有,有,8298000,72327,26.98,1487000,55.56,0,7.23,有,24.9430735,121.2473763
中壢區,房地(土地+建物),桃園市中壢區龍慈路６１號四樓,住,1090224,土地1建物1車位0,四層,十五層,住宅大樓(11層含以上有電梯),住家用,鋼筋混凝土造,15.81,92.4,2,2,1,有,有,6573000,71136,0,0,57.86,0,3.75,有,24.9431028,121.2474053
中壢區,房地(土地+建物)+車位,桃園市中壢區龍慈路９３號十二樓,住,1071130,土地1建物1車位1,十二層,十五層,住宅大樓(11層含以上有電梯),住家用,鋼筋混凝土造,20.32,118.77,4,2,2,有,有,8016000,72285,26.98,1381000,54.2,0,7.01,有,24.9428689,121.2471734
中壢區,房地(土地+建物),桃園市中壢區龍慈路８７號十二樓,住,1110104,土地1建物1車位0,十二層,十五層,住宅大樓(11層含以上有電梯),住家用,鋼筋混凝土造,0.16,94.12,2,2,1,有,有,6811000,72365,0,0,55.53,0,7.23,有,24.9429127,121.2472168
中壢區,房地(土地+建物),桃園市中壢區龍慈路５７號三樓,住,1080111,土地1建物1車位0,三層,十五層,住宅大樓(11層含以上有電梯),住家用,鋼筋混凝土造,18.64,108.97,2,2,1,有,有,7779000,71387,0,0,64.02,0,8.64,有,24.943132,121.2474343
中壢區,房地(土地+建物)+車位,桃園市中壢區龍慈路５７號十五樓,住,1071123,土地1建物1車位1,十五層,十五層,住宅大樓(11層含以上有電梯),住家用,鋼筋混凝土造,23.26,135.96,2,2,1,有,有,9398000,72591,26.98,1487000,64.02,0,8.64,有,24.943132,121.2474343
中壢區,房地(土地+建物)+車位,桃園市中壢區龍慈路７１號十三樓,住,1080510,土地1建物1車位1,十三層,十五層,住宅大樓(11層含以上有電梯),住家用,鋼筋混凝土造,20.71,121.1,2,2,1,有,有,8192000,72365,26.98,1381000,55.53,0,7.23,有,24.9430297,121.2473328
中壢區,房地(土地+建物),桃園市中壢區龍慈路５５號九樓,住,1110301,土地1建物1車位0,九層,十五層,住宅大樓(11層含以上有電梯),住家用,鋼筋混凝土造,18.64,108.97,2,2,2,有,有,7849000,72029,0,0,64.02,0,8.64,有,24.9431466,121.2474488
中壢區,房地(土地+建物)+車位,桃園市中壢區龍慈路６５號七樓,住,1080731,土地1建物1車位1,七層,十五層,住宅大樓(11層含以上有電梯),住家用,鋼筋混凝土造,20.72,121.15,2,2,1,有,有,8139000,71764,26.98,1381000,55.56,0,7.23,有,24.9430735,121.2473763
中壢區,房地(土地+建物)+車位,桃園市中壢區龍慈路７５號十一樓,住,1071126,土地1建物1車位1,十一層,十五層,住宅大樓(11層含以上有電梯),住家用,鋼筋混凝土造,20.72,121.15,2,2,1,有,有,8271000,72040,26.98,1487000,55.56,0,7.23,有,24.9430004,121.2473038
中壢區,房地(土地+建物)+車位,桃園市中壢區龍慈路５１號十二樓,住,1080618,土地1建物1車位1,十二層,十五層,住宅大樓(11層含以上有電梯),住家用,鋼筋混凝土造,20.79,121.53,2,2,1,有,有,8218000,72311,26.98,1381000,55.82,0,7.23,有,24.9432607,121.2473737
中壢區,房地(土地+建物),桃園市中壢區龍慈路８３號三樓,住,1080531,土地1建物1車位0,三層,十五層,住宅大樓(11層含以上有電梯),住家用,鋼筋混凝土造,23.03,134.64,3,3,3,有,有,9618000,71435,0,0,77.54,0,12.24,有,24.942942,121.2472458
中壢區,房地(土地+建物)+車位,桃園市中壢區龍慈路５３號十五樓,住,1071229,土地1建物1車位1,十五層,十五層,住宅大樓(11層含以上有電梯),住家用,鋼筋混凝土造,18.98,110.94,2,2,2,有,有,7532000,73261,26.98,1381000,47.58,0,8.4,有,24.9432461,121.2473592
中壢區,房地(土地+建物),桃園市中壢區龍慈路７５號二樓,住,1090308,土地1建物1車位0,二層,十五層,住宅大樓(11層含以上有電梯),住家用,鋼筋混凝土造,16.02,93.63,2,2,1,有,有,6688000,71430,0,0,55.56,0,6.87,有,24.9430004,121.2473038
中壢區,房地(土地+建物)+車位,桃園市中壢區龍慈路８９號六樓,住,1090525,土地1建物1車位1,六層,十五層,住宅大樓(11層含以上有電梯),住家用,鋼筋混凝土造,27.64,161.62,3,3,3,有,有,11034000,71695,26.98,1381000,77.54,0,12.24,有,24.9428981,121.2472023
中壢區,房地(土地+建物),桃園市中壢區龍慈路８１號五樓,住,1090929,土地1建物1車位0,五層,十五層,住宅大樓(11層含以上有電梯),住家用,鋼筋混凝土造,16.11,94.17,2,2,1,有,有,6758000,71764,0,0,55.56,0,7.23,有,24.9429566,121.2472603
中壢區,房地(土地+建物)+車位,桃園市中壢區龍慈路８７號十四樓,住,1080610,土地1建物1車位1,十四層,十五層,住宅大樓(11層含以上有電梯),住家用,鋼筋混凝土造,20.38,118.98,2,2,1,有,有,8192000,72365,24.86,1381000,55.53,0,7.23,有,24.9429127,121.2472168
中壢區,房地(土地+建物)+車位,桃園市中壢區光輝街２６號六樓,住,1100827,土地1建物1車位1,六層,十一層,住宅大樓(11層含以上有電梯),住家用,鋼筋混凝土造,22.76,131.12,2,2,1,有,有,11280000,101796,37.01,1700000,59.25,0,3.33,有,24.965167,121.2176633
中壢區,房地(土地+建物),桃園市中壢區福全路１７７巷１３號,,1110409,土地1建物1車位0,全,二層,透天厝,住家用,加強磚造,87.35,91.64,7,2,3,有,無,3200000,34919,0,0,91.64,0,0,無,24.9889805,121.1690124
中壢區,房地(土地+建物),桃園市中壢區興東路５０８巷１７號,農,1110415,土地2建物1車位0,全,四層,透天厝,住家用,鋼筋混凝土造,95.85,199.92,5,3,3,有,無,10300000,51521,0,0,180.43,1.16,18.33,無,24.9846828,121.2186799
中壢區,房地(土地+建物)+車位,桃園市中壢區榮民南路６５巷１７０號,農,1110321,土地3建物1車位1,全,四層,透天厝,住家用,鋼筋混凝土造,78.39,186.76,4,3,3,有,有,13580000,72714,0,0,170.98,4.76,11.01,無,24.9550749,121.2606194
中壢區,房地(土地+建物),桃園市中壢區弘揚路２２號七樓之１,住,1110220,土地1建物1車位0,七層,七層,華廈(10層含以下有電梯),住家用,鋼筋混凝土造,15.51,93.38,3,2,2,有,有,6000000,64254,0,0,63.76,3.16,4.41,有,24.9529608,121.2404828
中壢區,房地(土地+建物),桃園市中壢區慈惠三街６６號二樓,商,1110331,土地8建物1車位0,二層,七層,華廈(10層含以下有電梯),住家用,鋼筋混凝土造,15.36,58.01,2,1,1,有,有,7000000,120669,0,0,36.31,0,3.28,有,24.9612544,121.2255933
中壢區,房地(土地+建物),桃園市中壢區吳鳳一街２８號四樓,住,1110329,土地1建物1車位0,四層,四層,公寓(5樓含以下無電梯),住家用,鋼筋混凝土造,28.46,73.74,3,2,1,有,無,3450000,46786,0,0,73.74,0,0,無,24.9463222,121.2248515
中壢區,房地(土地+建物),桃園市中壢區新中北路二段１２６巷７１弄２８號,住,1110315,土地1建物1車位0,全,二層,透天厝,住家用,加強磚造,55,78.64,4,2,2,有,無,5500000,69939,0,0,78.64,0,0,無,24.9553261,121.2622032
中壢區,房地(土地+建物),桃園市中壢區新中北路二段１２６巷７１弄３０號,住,1110315,土地1建物1車位0,全,二層,透天厝,住家用,加強磚造,55,78.64,4,2,2,有,無,4600000,58494,0,0,78.64,0,0,無,24.9553261,121.2622032
中壢區,房地(土地+建物),桃園市中壢區中央西路一段７６巷２３弄８號三樓之３,商,1110407,土地1建物1車位0,三層,八層,華廈(10層含以下有電梯),住家用,鋼筋混凝土造,6.4,34.77,1,1,1,有,無,2500000,71901,0,0,34.77,0,0,有,24.9586962,121.2215178
中壢區,房地(土地+建物)+車位,桃園市中壢區光輝街２８號五樓,住,1100927,土地1建物1車位2,五層,十一層,住宅大樓(11層含以上有電梯),住家用,鋼筋混凝土造,35.79,206.23,3,2,2,有,有,16800000,98328,74.02,3800000,77.29,0,10.62,有,24.9651783,121.2177015
中壢區,房地(土地+建物)+車位,桃園市中壢區精忠二街３５號十二樓,住,1110307,土地1建物1車位1,十二層,十四層,住宅大樓(11層含以上有電梯),住家用,鋼筋混凝土造,33.88,190.79,3,2,2,有,有,9200000,48221,0,0,98.98,0,13.42,有,24.9706946,121.2561222
中壢區,房地(土地+建物),桃園市中壢區中園路二段１４３之２號六樓,住,1110407,土地1建物1車位0,六層,八層,華廈(10層含以下有電梯),住家用,鋼筋混凝土造,14.66,84.36,4,2,1,有,有,5380000,63774,0,0,62.58,0.86,6.49,有,24.9924417,121.2337931
中壢區,房地(土地+建物),桃園市中壢區龍慈路８７號十三樓,住,1080521,土地1建物1車位0,十三層,十五層,住宅大樓(11層含以上有電梯),住家用,鋼筋混凝土造,16.1,94.12,2,2,1,有,有,6811000,72365,0,0,55.53,0,7.23,有,24.9429127,121.2472168
中壢區,房地(土地+建物)+車位,桃園市中壢區中華路一段７４３巷２弄８３號,工,1110313,土地1建物1車位1,一層，二層,十一層,住宅大樓(11層含以上有電梯),辦公用,鋼筋混凝土造,28.41,168.18,0,0,0,無,有,9900000,58866,26.41,0,100.14,0,0,有,24.9679008,121.2478426
中壢區,房地(土地+建物)+車位,桃園市中壢區光輝街２６號七樓,住,1100722,土地1建物1車位1,七層,十一層,住宅大樓(11層含以上有電梯),住家用,鋼筋混凝土造,22.76,131.12,2,2,1,有,有,11400000,102858,37.01,1720000,59.25,0,3.33,有,24.965167,121.2176633
中壢區,房地(土地+建物)+車位,桃園市中壢區光輝街２６號十樓,住,1100824,土地1建物1車位1,十層,十一層,住宅大樓(11層含以上有電梯),住家用,鋼筋混凝土造,22.76,131.12,2,2,1,有,有,11600000,103071,37.01,1900000,59.25,0,3.33,有,24.965167,121.2176633
中壢區,房地(土地+建物)+車位,桃園市中壢區光輝街２８號三樓,住,1101028,土地1建物1車位1,三層,十一層,住宅大樓(11層含以上有電梯),住家用,鋼筋混凝土造,29.38,169.23,3,2,2,有,有,15000000,100590,37.01,1700000,77.29,0,10.62,有,24.9651783,121.2177015
中壢區,房地(土地+建物)+車位,桃園市中壢區光輝街２８號八樓,住,1100913,土地1建物1車位2,八層,十一層,住宅大樓(11層含以上有電梯),住家用,鋼筋混凝土造,35.79,206.23,3,2,2,有,有,16590000,99766,74.02,3400000,77.29,0,10.62,有,24.9651783,121.2177015
中壢區,房地(土地+建物)+車位,桃園市中壢區光輝街２８號十樓,住,1100311,土地1建物1車位2,十層,十一層,住宅大樓(11層含以上有電梯),住家用,鋼筋混凝土造,35.79,206.23,3,2,2,有,有,16700000,100598,74.02,3400000,77.29,0,10.62,有,24.9651783,121.2177015
中壢區,房地(土地+建物)+車位,桃園市中壢區光輝街３０號,住,1100108,土地1建物1車位1,一層,十一層,住宅大樓(11層含以上有電梯),住家用,鋼筋混凝土造,22.06,127.21,2,2,1,有,有,12080000,113969,37.01,1800000,56.49,0,3.49,有,24.9651896,121.2177398
中壢區,房地(土地+建物)+車位,桃園市中壢區光輝街３０號二樓,住,1101026,土地1建物1車位1,二層,十一層,住宅大樓(11層含以上有電梯),住家用,鋼筋混凝土造,29.38,169.23,3,2,2,有,有,14900000,98321,37.01,1900000,77.29,0,10.62,有,24.9651896,121.2177398
中壢區,房地(土地+建物)+車位,桃園市中壢區光輝街３０號三樓,住,1100928,土地1建物1車位1,三層,十一層,住宅大樓(11層含以上有電梯),住家用,鋼筋混凝土造,29.38,169.23,3,2,2,有,有,15000000,99834,37.01,1800000,77.29,0,10.62,有,24.9651896,121.2177398
中壢區,房地(土地+建物)+車位,桃園市中壢區光輝街３０號五樓,住,1101005,土地1建物1車位1,五層,十一層,住宅大樓(11層含以上有電梯),住家用,鋼筋混凝土造,29.38,169.23,3,2,2,有,有,15200000,100590,37.01,1900000,77.29,0,10.62,有,24.9651896,121.2177398
中壢區,房地(土地+建物)+車位,桃園市中壢區光輝街３０號八樓,住,1091231,土地1建物1車位2,八層,十一層,住宅大樓(11層含以上有電梯),住家用,鋼筋混凝土造,35.79,206.23,3,2,2,有,有,16680000,99539,74.02,3520000,77.29,0,10.62,有,24.9651896,121.2177398
中壢區,房地(土地+建物)+車位,桃園市中壢區光輝街３０號九樓,住,1091215,土地1建物1車位2,九層,十一層,住宅大樓(11層含以上有電梯),住家用,鋼筋混凝土造,35.79,206.23,3,2,2,有,有,16730000,99312,74.02,3600000,77.29,0,10.62,有,24.9651896,121.2177398
中壢區,房地(土地+建物)+車位,桃園市中壢區光輝街３０號十樓,住,1091211,土地1建物1車位2,十層,十一層,住宅大樓(11層含以上有電梯),住家用,鋼筋混凝土造,35.79,206.23,3,2,2,有,有,16820000,99992,74.02,3600000,77.29,0,10.62,有,24.9651896,121.2177398
中壢區,房地(土地+建物)+車位,桃園市中壢區光輝街３２號,住,1100108,土地1建物1車位1,一層,十一層,住宅大樓(11層含以上有電梯),住家用,鋼筋混凝土造,22.98,132.46,2,2,1,有,有,12750000,115767,37.01,1700000,60.27,0,3.2,有,24.9652009,121.2177781
中壢區,房地(土地+建物),桃園市中壢區仁德街６３巷５弄３０號,住,1110305,土地2建物1車位0,全,二層,透天厝,住家用,加強磚造,86.15,56.34,3,2,2,有,無,8400000,149095,0,0,56.34,0,0,無,24.9429192,121.2510613
中壢區,房地(土地+建物)+車位,桃園市中壢區弘揚路８０號七樓,住,1110225,土地1建物1車位1,七層,七層,華廈(10層含以下有電梯),住家用,鋼筋混凝土造,34.19,191.56,7,1,7,有,有,9000000,46983,0,0,137.09,0,16.92,有,24.9536698,121.241407
中壢區,房地(土地+建物),桃園市中壢區九和一街１號八樓之１０,商,1110318,土地1建物1車位0,八層,二十二層,住宅大樓(11層含以上有電梯),住家用,鋼筋混凝土造,3.48,44.66,1,1,1,有,有,4010000,89790,0,0,29.94,0,2.84,有,24.9618313,121.2233083
中壢區,房地(土地+建物),桃園市中壢區環西路二段２２６巷７號七樓,住,1110325,土地1建物1車位0,七層,十五層,住宅大樓(11層含以上有電梯),住家用,鋼筋混凝土造,9.98,103.86,3,2,2,有,有,7860000,75679,0,0,61.89,0.68,12.9,有,24.9641397,121.2116888
中壢區,房地(土地+建物)+車位,桃園市中壢區長春路２５７號二樓,住,1110316,土地1建物1車位1,二層,十層,華廈(10層含以下有電梯),住家用,鋼筋混凝土造,14.39,131.96,3,2,2,有,有,7250000,54941,0,0,70.23,0,7.35,有,24.9767491,121.2451979
中壢區,房地(土地+建物),桃園市中壢區龍和一街２４９巷４號二樓,住,1110329,土地1建物1車位0,二層,九層,華廈(10層含以下有電梯),住家用,鋼筋混凝土造,24.73,134.59,3,2,2,有,有,8100000,60183,0,0,94.8,1.35,9.66,有,24.9392807,121.2454589
中壢區,房地(土地+建物),桃園市中壢區大仁二街１５號八樓之２,住,1110409,土地1建物1車位0,八層,八層,華廈(10層含以下有電梯),住家用,鋼筋混凝土造,11.92,47.1,1,1,1,有,有,3200000,67941,0,0,33.36,0,0,有,24.9547959,121.2425303
中壢區,房地(土地+建物)+車位,桃園市中壢區華美一路４１號,住,1110327,土地1建物1車位1,全,四層,透天厝,住商用,鋼筋混凝土造,101.66,326.97,3,5,5,有,有,21300000,65144,0,0,275.12,12.1,10.09,無,24.9564909,121.2623949
中壢區,房地(土地+建物),桃園市中壢區中山東路二段２８號五樓　　,住,1110313,土地1建物1車位0,五層,七層,華廈(10層含以下有電梯),住家用,鋼筋混凝土造,23.41,113,2,2,2,有,有,6494200,57471,0,0,79,0,12.02,有,24.9540426,121.2373515
中壢區,房地(土地+建物),桃園市中壢區興安街１５號三樓,住,1110328,土地1建物1車位0,三層,五層,公寓(5樓含以下無電梯),住家用,鋼筋混凝土造,22.38,86.53,5,0,5,有,無,4200000,48538,0,0,73.78,0,4.86,無,24.9656659,121.2624696
中壢區,房地(土地+建物)+車位,桃園市中壢區中華路一段７８３巷２號四樓,工,1110310,土地1建物1車位1,四層,十一層,住宅大樓(11層含以上有電梯),辦公用,鋼筋混凝土造,12.63,80.22,3,1,2,有,有,8180000,101970,20.75,0,37.05,1.38,4.25,有,24.9679361,121.2472394
中壢區,房地(土地+建物),桃園市中壢區日新路７３巷５號二樓　　,住,1110111,土地1建物1車位0,二層,五層,公寓(5樓含以下無電梯),住家用,鋼筋混凝土造,24.58,77.47,4,4,4,有,無,5660000,73061,0,0,77.47,0,0,無,24.9553386,121.2395091
中壢區,房地(土地+建物)+車位,桃園市中壢區三光路１６５號八樓,住,1110331,土地1建物1車位1,八層,十五層,住宅大樓(11層含以上有電梯),住家用,鋼筋混凝土造,15.77,143.01,2,2,2,有,有,10000000,69925,0,0,85.45,2.16,3.49,有,24.9635592,121.2128888
中壢區,房地(土地+建物),桃園市中壢區吉利九街３號五樓,,1110304,土地1建物1車位0,五層,五層,公寓(5樓含以下無電梯),住家用,鋼筋混凝土造,21.8,78.71,3,2,1,有,無,2700000,34303,0,0,61.91,0,16.8,無,24.983603,121.251613
中壢區,房地(土地+建物),桃園市中壢區榮民路１８８號四樓,住,1110319,土地1建物1車位0,四層,七層,華廈(10層含以下有電梯),住家用,鋼筋混凝土造,16.77,100.2,3,2,2,有,有,5300000,52894,0,0,66.76,1.78,7.21,有,24.9662585,121.2607511
中壢區,房地(土地+建物)+車位,桃園市中壢區高鐵站前西路一段２８６號十七樓之５,商,1110318,土地1建物1車位1,十七層,十八層,住宅大樓(11層含以上有電梯),住家用,鋼筋混凝土造,22.3,171.77,2,2,2,有,有,21990000,139097,26.62,1800000,84.98,0,10.28,有,25.0088334,121.2176671
中壢區,房地(土地+建物),桃園市中壢區力行北街５３號之７,住,1110404,土地1建物1車位0,一層,六層,華廈(10層含以下有電梯),住家用,鋼筋混凝土造,5.91,30.86,1,0,1,有,有,1265000,40992,0,0,21.33,0.95,0,有,24.954247,121.239366
中壢區,房地(土地+建物)+車位,桃園市中壢區環中東路二段３１２巷３號十四樓之２,住,1110321,土地1建物1車位1,十四層，夾層,十四層,住宅大樓(11層含以上有電梯),住家用,鋼筋混凝土造,17.82,192.83,4,2,2,有,有,10680000,55386,0,0,113.58,5.77,18.86,有,24.9484873,121.2352442
中壢區,房地(土地+建物),桃園市中壢區吳鳳三街５號三樓,住,1110321,土地4建物1車位0,三層,四層,公寓(5樓含以下無電梯),住家用,鋼筋混凝土造,29.22,69.37,4,0,4,有,無,4580000,66023,0,0,69.37,0,0,無,24.9458685,121.2247766
中壢區,房地(土地+建物)+車位,桃園市中壢區高鐵站前西路一段２８６號十一樓之２,商,1110317,土地1建物1車位3,十一層,十八層,住宅大樓(11層含以上有電梯),住家用,鋼筋混凝土造,37.61,324.78,2,2,2,有,有,35800000,119223,79.86,6600000,144.89,0,15.79,有,25.0088334,121.2176671
中壢區,房地(土地+建物),桃園市中壢區環保路５２２巷５１號,,1110314,土地1建物1車位0,全,三層,透天厝,住家用,鋼筋混凝土造,74.14,165.86,4,2,3,有,無,6500000,39190,0,0,140.05,0,4.88,無,25.0097426,121.1911053
中壢區,房地(土地+建物),桃園市中壢區元化路二段４３巷９之３號,都市：其他:道路用地,1100929,土地2建物1車位0,四層,四層,公寓(5樓含以下無電梯),住家用,鋼筋混凝土造,29,78.3,2,2,1,有,無,3720000,47510,0,0,78.3,0,0,無,24.9620976,121.2216167
中壢區,房地(土地+建物),桃園市中壢區中美路一段１８號十五樓之１１,商,1110314,土地1建物1車位0,十五層,十八層,住宅大樓(11層含以上有電梯),住家用,鋼筋混凝土造,3.07,42.18,1,1,1,有,有,2780000,65908,0,0,24.38,0,4.08,有,24.9597456,121.2236
中壢區,房地(土地+建物)+車位,桃園市中壢區龍川四街５７號五樓,住,1110304,土地1建物1車位1,五層,十三層,住宅大樓(11層含以上有電梯),住家用,鋼筋混凝土造,14.61,118.14,2,2,1,有,有,7500000,63484,0,0,51.91,2.8,3.27,有,24.9368761,121.2451739
中壢區,房地(土地+建物)+車位,桃園市中壢區春德路２６５號十五樓,商,1110319,土地1建物1車位1,十五層,十五層,住宅大樓(11層含以上有電梯),住家用,鋼筋混凝土造,11.47,90.14,2,2,1,有,有,10985000,121866,17.11,0,40.72,2.16,4.76,有,25.0140709,121.211439
中壢區,房地(土地+建物)+車位,桃園市中壢區領航北路二段７１號十樓,住,1110311,土地1建物1車位1,十層,二十一層,住宅大樓(11層含以上有電梯),住家用,鋼筋混凝土造,27.83,210.14,3,2,2,有,有,20000000,95175,0,0,106.41,7.75,6.93,有,25.0083531,121.2022961
中壢區,房地(土地+建物)+車位,桃園市中壢區光輝街３２號七樓,住,1100308,土地1建物1車位1,七層,十一層,住宅大樓(11層含以上有電梯),住家用,鋼筋混凝土造,22.76,131.12,2,2,1,有,有,11300000,101796,37.01,1720000,59.25,0,3.33,有,24.9652009,121.2177781
中壢區,房地(土地+建物)+車位,桃園市中壢區光輝街３２號九樓,住,1100912,土地1建物1車位1,九層,十一層,住宅大樓(11層含以上有電梯),住家用,鋼筋混凝土造,22.76,131.12,2,2,1,有,有,11400000,103071,37.01,1700000,59.25,0,3.33,有,24.9652009,121.2177781
中壢區,房地(土地+建物)+車位,桃園市中壢區光輝三街２１號二樓,住,1101103,土地1建物1車位1,二層,十一層,住宅大樓(11層含以上有電梯),住家用,鋼筋混凝土造,23.19,133.38,2,2,1,有,有,11100000,97541,37.01,1700000,60.55,0,3.52,有,24.9646753,121.2177354
中壢區,房地(土地+建物)+車位,桃園市中壢區光輝三街２１號五樓,住,1100913,土地1建物1車位1,五層,十一層,住宅大樓(11層含以上有電梯),住家用,鋼筋混凝土造,23.19,133.38,2,2,1,有,有,11310000,99720,37.01,1700000,60.55,0,3.52,有,24.9646753,121.2177354
中壢區,房地(土地+建物)+車位,桃園市中壢區光輝三街２１號七樓,住,1091223,土地1建物1車位1,七層,十一層,住宅大樓(11層含以上有電梯),住家用,鋼筋混凝土造,23.19,133.38,2,2,1,有,有,11630000,100965,37.01,1900000,60.55,0,3.52,有,24.9646753,121.2177354
中壢區,房地(土地+建物)+車位,桃園市中壢區光輝三街２１號八樓,住,1100310,土地1建物1車位1,八層,十一層,住宅大樓(11層含以上有電梯),住家用,鋼筋混凝土造,23.19,133.38,2,2,1,有,有,11500000,101691,37.01,1700000,60.55,0,3.52,有,24.9646753,121.2177354
中壢區,房地(土地+建物),桃園市中壢區中央西路一段１１號十一樓之十七,商,1110404,土地1建物1車位0,十一層,十二層,住宅大樓(11層含以上有電梯),住家用,鋼筋混凝土造,3.73,35.99,1,0,1,有,有,2400000,66685,0,0,25.9,0,0,有,24.957177,121.223057
中壢區,房地(土地+建物),桃園市中壢區中山東路一段２２３巷８９弄２３號二樓　　,住,1110330,土地2建物1車位0,二層,七層,華廈(10層含以下有電梯),工業用,鋼筋混凝土造,18.83,91.06,3,3,3,有,有,4600000,50516,0,0,70.26,0,8.25,有,24.9586447,121.2364978
中壢區,房地(土地+建物)+車位,桃園市中壢區光輝三街２３號三樓,住,1100104,土地1建物1車位1,三層,十一層,住宅大樓(11層含以上有電梯),住家用,鋼筋混凝土造,23.12,132.97,2,2,1,有,有,11060000,98374,37.01,1620000,58.47,0,5.35,有,24.9646753,121.2177354
中壢區,房地(土地+建物)+車位,桃園市中壢區光輝三街２３號七樓,住,1100503,土地1建物1車位2,七層,十一層,住宅大樓(11層含以上有電梯),住家用,鋼筋混凝土造,29.53,169.97,2,2,1,有,有,13000000,98801,74.02,3520000,58.47,0,5.35,有,24.9646753,121.2177354
中壢區,房地(土地+建物)+車位,桃園市中壢區光輝三街２５號三樓,住,1100104,土地1建物1車位1,三層,十一層,住宅大樓(11層含以上有電梯),住家用,鋼筋混凝土造,21.09,121.41,2,2,1,有,有,9900000,97156,37.01,1700000,52.79,0,3.36,有,24.9646587,121.2176718
中壢區,房地(土地+建物)+車位,桃園市中壢區光輝三街２３號二樓,住,1100406,土地1建物1車位1,二層,十一層,住宅大樓(11層含以上有電梯),住家用,鋼筋混凝土造,23.12,132.97,2,2,1,有,有,11200000,97749,37.01,1820000,58.47,0,5.35,有,24.9646753,121.2177354
中壢區,房地(土地+建物)+車位,桃園市中壢區光輝三街２５號四樓,住,1100902,土地1建物1車位1,四層,十一層,住宅大樓(11層含以上有電梯),住家用,鋼筋混凝土造,21.09,121.41,2,2,1,有,有,9950000,97749,37.01,1700000,52.79,0,3.36,有,24.9646587,121.2176718
中壢區,房地(土地+建物)+車位,桃園市中壢區環中東路２８號八樓,住,1110401,土地1建物1車位1,八層,十四層,住宅大樓(11層含以上有電梯),住家用,鋼筋混凝土造,23.63,179.88,3,2,2,有,有,3600000,20013,0,0,101.64,0,12.86,有,24.9665388,121.2596572
中壢區,房地(土地+建物)+車位,桃園市中壢區松勤路５６號十四樓,商,1110320,土地1建物1車位1,十四層,十五層,住宅大樓(11層含以上有電梯),住家用,鋼筋混凝土造,16.81,168.06,3,2,2,有,有,11460000,68190,0,0,79.45,0,14.14,有,24.9603159,121.1644472
中壢區,房地(土地+建物),桃園市中壢區後寮二路２２７巷１８號九樓,商,1110320,土地1建物1車位0,九層,九層,華廈(10層含以下有電梯),住家用,鋼筋混凝土造,10.68,94.32,3,2,2,有,有,5900000,62553,0,0,59.92,0,8.04,有,24.9382706,121.2485226
中壢區,房地(土地+建物)+車位,桃園市中壢區中山東路二段２８號六樓　　,住,1110409,土地1建物1車位1,六層,七層,華廈(10層含以下有電梯),住家用,鋼筋混凝土造,23.41,148.8,3,2,2,有,有,10000000,67204,0,0,79,0,12.02,有,24.9540426,121.2373515
中壢區,房地(土地+建物)+車位,桃園市中壢區青埔四街１８９號八樓,住,1110318,土地1建物1車位2,八層,十五層,住宅大樓(11層含以上有電梯),住家用,鋼筋混凝土造,29.61,237.09,3,2,2,有,有,20500000,105880,69.92,2800000,96.61,6.06,8.71,有,25.0073935,121.2217775
中壢區,房地(土地+建物)+車位,桃園市中壢區環西路二段３５２之１０號五樓,住,1110326,土地1建物1車位1,五層,十五層,住宅大樓(11層含以上有電梯),住家用,鋼筋混凝土造,8.53,110.75,2,2,1,有,有,8960000,90333,27.06,1400000,49.94,2.08,7.57,有,24.9650762,121.2147093
中壢區,房地(土地+建物)+車位,桃園市中壢區華愛一街３６巷２９號,住,1110314,土地1建物1車位1,全,四層,透天厝,住家用,鋼筋混凝土造,76.56,202.5,4,2,3,有,有,11000000,54321,0,0,178.25,10.78,9.42,無,24.9533624,121.2602595
中壢區,房地(土地+建物)+車位,桃園市中壢區中央西路二段１５０巷１８號五樓,住,1110330,土地2建物1車位1,五層,五層,公寓(5樓含以下無電梯),住家用,鋼筋混凝土造,32.08,134.71,3,2,2,有,無,6150000,45654,0,0,86.07,0,10.79,無,24.958943,121.213526
中壢區,房地(土地+建物)+車位,桃園市中壢區吉林路２５號五樓,,1110331,土地1建物1車位3,五層,八層,華廈(10層含以下有電梯),工業用,鋼筋混凝土造,257.04,770.85,0,0,0,無,有,26421634,34276,0,2420397,538.37,0,0,有,24.9797358,121.2454898
中壢區,房地(土地+建物)+車位,桃園市中壢區吉林路２５之２號七樓,,1110331,土地1建物1車位3,七層,八層,華廈(10層含以下有電梯),工業用,鋼筋混凝土造,261.63,779.02,0,0,0,無,有,26675112,34242,0,2662437,538.7,0,0,有,24.9797358,121.2454898
中壢區,房地(土地+建物),桃園市中壢區環西路二段３００巷６之６號十五樓,住,1110313,土地2建物1車位0,十五層,十五層,住宅大樓(11層含以上有電梯),住家用,鋼筋混凝土造,6.49,83.56,2,2,1,有,有,6930000,82934,0,0,43.16,1.34,12.73,有,24.9642693,121.2127599
中壢區,房地(土地+建物),桃園市中壢區環西路二段３００巷２之９號十五樓,住,1110330,土地2建物1車位0,十五層,十五層,住宅大樓(11層含以上有電梯),住家用,鋼筋混凝土造,7.03,83.95,2,2,1,有,有,7080000,84336,0,0,43.45,1.04,13.01,有,24.9641047,121.2132229
中壢區,房地(土地+建物)+車位,桃園市中壢區環西路二段２２６巷６號七樓,住,1110307,土地2建物1車位1,七層,十層,華廈(10層含以下有電梯),住家用,鋼筋混凝土造,20.79,125.56,2,2,1,有,有,8600000,68493,0,0,53,9.53,3.17,有,24.9644522,121.2116402
中壢區,房地(土地+建物)+車位,桃園市中壢區光輝三街２７號,住,1110318,土地1建物1車位1,一層,十一層,住宅大樓(11層含以上有電梯),住家用,鋼筋混凝土造,30.93,178.22,3,2,2,有,有,15880000,99710,37.01,1800000,85.93,0,8.02,有,24.9645021,121.217816
中壢區,房地(土地+建物)+車位,桃園市中壢區光輝三街２７號三樓,住,1091215,土地1建物1車位2,三層,十一層,住宅大樓(11層含以上有電梯),住家用,鋼筋混凝土造,36.78,211.87,3,2,2,有,有,16730000,95829,74.02,3520000,83.66,0,8.02,有,24.9645021,121.217816
中壢區,房地(土地+建物)+車位,桃園市中壢區光輝三街２７號五樓,住,1100413,土地1建物1車位2,五層,十一層,住宅大樓(11層含以上有電梯),住家用,鋼筋混凝土造,36.78,211.87,3,2,2,有,有,16940000,96772,74.02,3600000,83.66,0,8.02,有,24.9645021,121.217816
中壢區,房地(土地+建物)+車位,桃園市中壢區光輝三街２５號五樓,住,1091231,土地1建物1車位1,五層,十一層,住宅大樓(11層含以上有電梯),住家用,鋼筋混凝土造,21.09,121.41,2,2,1,有,有,10000000,99289,37.01,1620000,52.79,0,3.36,有,24.9646587,121.2176718
中壢區,房地(土地+建物)+車位,桃園市中壢區光輝三街２５號八樓,住,1101229,土地1建物1車位1,八層,十一層,住宅大樓(11層含以上有電梯),住家用,鋼筋混凝土造,21.09,121.41,2,2,1,有,有,10090000,99408,37.01,1700000,52.79,0,3.36,有,24.9646587,121.2176718
中壢區,房地(土地+建物),桃園市中壢區惠州街１０４號四樓,住,1110320,土地1建物1車位0,四層,十一層,住宅大樓(11層含以上有電梯),住家用,鋼筋混凝土造,10.53,52.21,1,1,1,有,有,4700000,90021,0,0,28.65,1.83,2.97,有,24.9465967,121.2315778
中壢區,房地(土地+建物),桃園市中壢區中平路１３７號十一樓之１１,商,1110313,土地1建物1車位0,十一層,十二層,住宅大樓(11層含以上有電梯),辦公用,鋼筋混凝土造,2.52,29.88,1,1,1,有,有,2300000,76975,0,0,16.7,0,4.72,有,24.9556402,121.2226096
中壢區,房地(土地+建物)+車位,桃園市中壢區龍昌路５３８號二樓,,1110401,土地1建物1車位1,二層,十三層,住宅大樓(11層含以上有電梯),住家用,鋼筋混凝土造,25.87,186.59,3,2,2,有,有,12000000,64312,0,0,87.99,7.26,4.4,有,24.9299342,121.2487512
中壢區,房地(土地+建物)+車位,桃園市中壢區民權路四段４７５號十樓,住,1110224,土地3建物1車位2,十層,十五層,住宅大樓(11層含以上有電梯),住家用,鋼筋混凝土造,57.19,309.42,4,2,2,有,有,25660000,82929,56.84,0,153.78,0,13.52,有,25.0089108,121.201627
中壢區,房地(土地+建物)+車位,桃園市中壢區聖溪二路２１０號三樓之５,,1110404,土地2建物1車位1,三層,十層,華廈(10層含以下有電梯),住家用,鋼筋混凝土造,37.13,152.1,3,2,2,有,有,8500000,55884,0,0,79.7,0,7.49,有,25.0209146,121.1959145
中壢區,房地(土地+建物)+車位,桃園市中壢區仁愛里１０鄰功學社新村３５９之１號二樓,住,1110402,土地1建物1車位1,二層,六層,華廈(10層含以下有電梯),住家用,鋼筋混凝土造,26.52,97.61,2,1,1,有,有,6700000,68641,0,0,50.88,3.94,3.15,有,24.9551176,121.2551379
中壢區,房地(土地+建物),桃園市中壢區永福路１１０１號十二樓,,1110321,土地2建物1車位0,十二層,十四層,住宅大樓(11層含以上有電梯),住家用,鋼筋混凝土造,35.75,211.43,4,2,2,有,有,5500000,26013,0,0,113.24,0,13.66,有,24.9672043,121.2521706
中壢區,房地(土地+建物)+車位,桃園市中壢區永泰路１７９號五樓,住,1110222,土地1建物1車位2,五層,十二層,住宅大樓(11層含以上有電梯),住家用,鋼筋混凝土造,32.32,220.19,4,2,2,有,有,18000000,81748,0,0,94.89,14.94,13.18,有,25.0107011,121.2044434
中壢區,房地(土地+建物),桃園市中壢區興隆街１６號,住,1110315,土地3建物1車位0,全,二層,透天厝,住家用,加強磚造,153,123.2,15,1,15,有,無,23900000,193994,0,0,123.2,0,0,無,24.9629522,121.2225475
中壢區,房地(土地+建物),桃園市中壢區振興街１４０號六樓之４４,住,1110411,土地1建物1車位0,六層,七層,華廈(10層含以下有電梯),住家用,鋼筋混凝土造,3.31,18.71,1,0,1,有,有,950000,50775,0,0,10.56,0,2.38,有,24.9538239,121.242007
中壢區,房地(土地+建物),桃園市中壢區振興街１４０號五樓之５,住,1110411,土地1建物1車位0,五層,七層,華廈(10層含以下有電梯),住家用,鋼筋混凝土造,2.21,12.82,1,0,1,有,有,650000,50702,0,0,7.01,0,2.15,有,24.9538239,121.242007
中壢區,房地(土地+建物),桃園市中壢區環北路３５２號十九樓之３,住,1110330,土地1建物1車位0,十九層,二十一層,住宅大樓(11層含以上有電梯),住家用,鋼筋混凝土造,5.12,65.94,1,1,1,有,有,6850000,103882,0,0,42.31,0,7.09,有,24.9657121,121.2241077
中壢區,房地(土地+建物),桃園市中壢區忠孝路２４６巷２９弄４９號二樓,住,1110311,土地1建物1車位0,二層,五層,公寓(5樓含以下無電梯),住家用,鋼筋混凝土造,27.99,96.62,3,2,2,有,無,4100000,42434,0,0,85.77,0,10.85,無,24.9801427,121.2546054
中壢區,房地(土地+建物),桃園市中壢區文成北街５巷８號四樓,住,1110406,土地2建物1車位0,四層,四層,公寓(5樓含以下無電梯),住家用,鋼筋混凝土造,25.9,68.7,3,2,2,有,無,4700000,68413,0,0,68.7,0,0,無,24.9795132,121.2518715
中壢區,房地(土地+建物)+車位,桃園市中壢區六和路３８號二樓之２,住,1110319,土地1建物1車位1,二層,十五層,住宅大樓(11層含以上有電梯),住家用,鋼筋混凝土造,13.55,142.12,3,2,2,有,有,10600000,82398,31.68,1500000,78.58,0,12.66,有,24.9647565,121.2243982
中壢區,房地(土地+建物)+車位,桃園市中壢區1-9號道路高鐵南路松信一街交叉口,住,1110227,土地1建物1車位1,三層,15,住宅大樓(11層含以上有電梯),住家用,鋼筋混凝土造,22.85,130.6,2,2,1,有,無,8960000,80547,,1540000,,,,,25.0109561,121.2119293
中壢區,房地(土地+建物)+車位,桃園市中壢區1-9號道路高鐵南路松信一街交叉口,住,1110223,土地1建物1車位1,四層,15,住宅大樓(11層含以上有電梯),住家用,鋼筋混凝土造,22.85,130.6,2,2,1,有,無,8580000,76314,,1550000,,,,,25.0109561,121.2119293
中壢區,房地(土地+建物)+車位,桃園市中壢區1-9號道路高鐵南路松信一街交叉口,住,1110223,土地1建物1車位1,五層,15,住宅大樓(11層含以上有電梯),住家用,鋼筋混凝土造,22.85,130.6,2,2,1,有,無,8790000,78593,,1550000,,,,,25.0109561,121.2119293
中壢區,房地(土地+建物)+車位,桃園市中壢區1-9號道路高鐵南路松信一街交叉口,住,1110303,土地1建物1車位1,四層,15,住宅大樓(11層含以上有電梯),住家用,鋼筋混凝土造,21.83,126.45,2,2,2,有,無,8390000,77867,,1540000,,,,,25.0109561,121.2119293
中壢區,房地(土地+建物)+車位,桃園市中壢區1-9號道路高鐵南路松信一街交叉口,住,1110222,土地1建物1車位1,五層,15,住宅大樓(11層含以上有電梯),住家用,鋼筋混凝土造,21.83,126.45,2,2,2,有,無,8510000,79118,,1550000,,,,,25.0109561,121.2119293
中壢區,房地(土地+建物)+車位,桃園市中壢區1-9號道路高鐵南路松信一街交叉口,住,1110308,土地1建物1車位1,七層,15,住宅大樓(11層含以上有電梯),住家用,鋼筋混凝土造,21.83,126.45,2,2,2,有,無,8700000,81505,,1530000,,,,,25.0109561,121.2119293
中壢區,房地(土地+建物)+車位,桃園市中壢區1-9號道路高鐵南路松信一街交叉口,住,1110228,土地1建物1車位1,四層,15,住宅大樓(11層含以上有電梯),住家用,鋼筋混凝土造,23.55,133.4,2,2,1,有,無,8850000,77960,,1450000,,,,,25.0109561,121.2119293
中壢區,房地(土地+建物)+車位,桃園市中壢區1-9號道路高鐵南路松信一街交叉口,住,1110223,土地1建物1車位1,五層,15,住宅大樓(11層含以上有電梯),住家用,鋼筋混凝土造,23.55,130.45,2,2,1,有,無,9030000,79751,,1460000,,,,,25.0109561,121.2119293
中壢區,房地(土地+建物)+車位,桃園市中壢區1-9號道路高鐵南路松信一街交叉口,住,1110223,土地1建物1車位1,六層,15,住宅大樓(11層含以上有電梯),住家用,鋼筋混凝土造,23.55,133.4,2,2,1,有,無,9180000,80383,,1550000,,,,,25.0109561,121.2119293
中壢區,房地(土地+建物)+車位,桃園市中壢區1-9號道路高鐵南路松信一街交叉口,住,1110308,土地1建物1車位1,七層,15,住宅大樓(11層含以上有電梯),住家用,鋼筋混凝土造,23.55,133.4,2,2,1,有,無,9440000,82280,,1630000,,,,,25.0109561,121.2119293
中壢區,房地(土地+建物)+車位,桃園市中壢區1-9號道路高鐵南路松信一街交叉口,住,1110308,土地1建物1車位1,三層,15,住宅大樓(11層含以上有電梯),住家用,鋼筋混凝土造,33.95,175.27,3,2,2,有,無,14280000,92478,,1630000,,,,,25.0109561,121.2119293
中壢區,房地(土地+建物)+車位,桃園市中壢區1-9號道路高鐵南路松信一街交叉口,住,1110227,土地1建物1車位1,六層,15,住宅大樓(11層含以上有電梯),住家用,鋼筋混凝土造,33.95,175.27,3,2,2,有,無,13500000,86044,,1730000,,,,,25.0109561,121.2119293
中壢區,房地(土地+建物)+車位,桃園市中壢區1-9號道路高鐵南路松信一街交叉口,住,1110226,土地1建物1車位1,七層,15,住宅大樓(11層含以上有電梯),住家用,鋼筋混凝土造,33.95,175.27,3,2,2,有,無,13500000,86629,,1650000,,,,,25.0109561,121.2119293
中壢區,房地(土地+建物)+車位,桃園市中壢區1-9號道路高鐵南路松信一街交叉口,住,1110228,土地1建物1車位1,三層,15,住宅大樓(11層含以上有電梯),住家用,鋼筋混凝土造,25.98,143.15,3,2,2,有,無,10680000,86462,,1630000,,,,,25.0109561,121.2119293
中壢區,房地(土地+建物)+車位,桃園市中壢區1-9號道路高鐵南路松信一街交叉口,住,1110228,土地1建物1車位1,五層,15,住宅大樓(11層含以上有電梯),住家用,鋼筋混凝土造,25.98,143.15,3,2,2,有,無,10200000,83596,,1450000,,,,,25.0109561,121.2119293
中壢區,房地(土地+建物)+車位,桃園市中壢區高鐵北路一段、青峰路二段,住,1110311,土地1建物1車位1,四層,13,住宅大樓(11層含以上有電梯),住家用,鋼筋混凝土造,23.8,151.03,3,2,2,有,無,17200000,124959,,2000000,,,,,25.0180816,121.2220533
中壢區,房地(土地+建物)+車位,桃園市中壢區領航南路一段,住,1110313,土地1建物1車位1,十九層,22,住宅大樓(11層含以上有電梯),住家用,鋼筋混凝土造,31.88,209.8,3,2,2,有,無,25900000,146131,,1800000,,,,,25.0008913,121.2069315
中壢區,房地(土地+建物)+車位,桃園市中壢區文興路與文昌路交叉口,住,1110309,土地1建物1車位2,六層,13,住宅大樓(11層含以上有電梯),住家用,鋼筋混凝土造,26.87,193.79,3,2,2,有,無,16750000,104706,,3600000,,,,,24.9996807,121.2065281
中壢區,房地(土地+建物)+車位,桃園市中壢區文興路與文昌路交叉口,住,1110310,土地1建物1車位1,六層,13,住宅大樓(11層含以上有電梯),住家用,鋼筋混凝土造,19.59,125.85,2,2,1,有,無,12870000,119564,,1900000,,,,,24.9996807,121.2065281
中壢區,房地(土地+建物)+車位,桃園市中壢區文興路與文昌路交叉口,住,1110313,土地1建物1車位1,二層,13,住宅大樓(11層含以上有電梯),住家用,鋼筋混凝土造,19.59,125.85,2,2,1,有,無,11980000,110954,,1800000,,,,,24.9996807,121.2065281
中壢區,房地(土地+建物)+車位,桃園市中壢區文興路與文昌路交叉口,住,1110313,土地1建物1車位1,三層,13,住宅大樓(11層含以上有電梯),住家用,鋼筋混凝土造,24.88,150.65,3,2,2,有,無,15030000,113085,,1850000,,,,,24.9996807,121.2065281
中壢區,房地(土地+建物)+車位,桃園市中壢區高鐵北路一段,商,1110319,土地2建物1車位1,十五層,17,住宅大樓(11層含以上有電梯),住家用,鋼筋混凝土造,9.03,107.11,2,2,1,有,無,13900000,144290,,2100000,,,,,25.0143928,121.2150237
中壢區,房地(土地+建物)+車位,桃園市中壢區高鐵北路一段,商,1110319,土地2建物1車位1,五層,17,住宅大樓(11層含以上有電梯),住家用,鋼筋混凝土造,9.03,111.14,2,2,1,有,無,13200000,139398,,1800000,,,,,25.0143928,121.2150237
中壢區,房地(土地+建物),桃園市中壢區高鐵北路一段,商,1110314,土地2建物1車位0,十三層,17,住宅大樓(11層含以上有電梯),住家用,鋼筋混凝土造,9.03,81.78,2,2,1,有,無,11920000,145757,,0,,,,,25.0143928,121.2150237
中壢區,房地(土地+建物),桃園市中壢區高鐵北路一段,商,1110317,土地2建物1車位0,十五層,17,住宅大樓(11層含以上有電梯),住家用,鋼筋混凝土造,12.84,115.6,3,2,2,有,無,15600000,134948,,0,,,,,25.0143928,121.2150237
中壢區,房地(土地+建物),桃園市中壢區高鐵北路一段,商,1110318,土地2建物1車位0,十三層,17,住宅大樓(11層含以上有電梯),住家用,鋼筋混凝土造,8.23,74.46,1,1,1,有,無,10850000,145716,,0,,,,,25.0143928,121.2150237
中壢區,房地(土地+建物)+車位,桃園市中壢區高鐵北路一段,商,1110316,土地2建物1車位1,九層,17,住宅大樓(11層含以上有電梯),住家用,鋼筋混凝土造,10.88,127.61,3,2,2,有,無,18300000,167939,,1800000,,,,,25.0143928,121.2150237
中壢區,房地(土地+建物)+車位,桃園市中壢區高鐵北路一段,商,1110314,土地2建物1車位1,十六層,17,住宅大樓(11層含以上有電梯),住家用,鋼筋混凝土造,12.84,144.96,3,2,2,有,無,17370000,132958,,2000000,,,,,25.0143928,121.2150237
中壢區,房地(土地+建物)+車位,桃園市中壢區青埔路一段與青商路交叉口,商,1110318,土地5建物1車位1,五層,19,住宅大樓(11層含以上有電梯),住家用,鋼筋混凝土造,20.03,164.06,3,2,2,有,無,20730000,132240,,2100000,,,,,25.0077916,121.2192226
中壢區,房地(土地+建物)+車位,桃園市中壢區青埔路一段與青商路交叉口,商,1110317,土地5建物1車位1,七層,19,住宅大樓(11層含以上有電梯),住家用,鋼筋混凝土造,12.58,111.84,2,2,2,有,無,13590000,132980,,1800000,,,,,25.0077916,121.2192226
中壢區,房地(土地+建物),桃園市中壢區民權路及中新東路口,商,1110223,土地1建物1車位0,十四層,17,住宅大樓(11層含以上有電梯),住家用,鋼筋混凝土造,9.9,73.22,2,1,1,有,無,8420000,114996,,0,,,,,24.959725,121.2174661
中壢區,房地(土地+建物)+車位,桃園市中壢區高鐵南路三段與圓光路交叉口附近,,1110320,土地1建物1車位1,七層,15,住宅大樓(11層含以上有電梯),住家用,鋼筋混凝土造,29.7,146.28,3,2,2,有,無,12260000,92559,,1500000,,,,,24.9962582,121.1978085
中壢區,房地(土地+建物),桃園市中壢區高鐵南路三段與圓光路交叉口附近,,1110226,土地1建物1車位0,四層,15,住宅大樓(11層含以上有電梯),住家用,鋼筋混凝土造,22.95,89.79,2,2,1,有,無,7460000,83083,,0,,,,,24.9962582,121.1978085
中壢區,房地(土地+建物)+車位,桃園市中壢區高鐵南路三段與圓光路交叉口附近,,1110308,土地1建物1車位1,二層,15,住宅大樓(11層含以上有電梯),住家用,鋼筋混凝土造,29.77,146.47,3,2,2,有,無,11300000,83305,,1600000,,,,,24.9962582,121.1978085
中壢區,房地(土地+建物)+車位,桃園市中壢區青峰路一段35號旁,商,1110314,土地2建物1車位1,十一層,16,住宅大樓(11層含以上有電梯),住家用,鋼筋混凝土造,9.46,107.3,2,2,1,有,無,12470000,140645,,1750000,,,,,25.0146273,121.2183978
中壢區,房地(土地+建物)+車位,桃園市中壢區青峰路一段35號旁,商,1110314,土地2建物1車位1,七層,17,住宅大樓(11層含以上有電梯),住家用,鋼筋混凝土造,9.1,104.02,2,2,1,有,無,10900000,128873,,1500000,,,,,25.0146273,121.2183978
中壢區,房地(土地+建物)+車位,桃園市中壢區青峰路一段35號旁,商,1110314,土地2建物1車位1,十一層,17,住宅大樓(11層含以上有電梯),住家用,鋼筋混凝土造,9.1,104.02,2,2,1,有,無,11410000,130381,,1900000,,,,,25.0146273,121.2183978
中壢區,房地(土地+建物)+車位,桃園市中壢區青峰路一段35號旁,商,1110315,土地2建物1車位1,五層,16,住宅大樓(11層含以上有電梯),住家用,鋼筋混凝土造,14.54,147.76,3,2,2,有,無,16300000,126843,,1500000,,,,,25.0146273,121.2183978
中壢區,房地(土地+建物)+車位,桃園市中壢區青峰路一段35號旁,商,1110315,土地2建物1車位1,十二層,17,住宅大樓(11層含以上有電梯),住家用,鋼筋混凝土造,8.92,102.8,2,2,1,有,無,10880000,129392,,1600000,,,,,25.0146273,121.2183978
中壢區,房地(土地+建物)+車位,桃園市中壢區青峰路一段35號旁,商,1110315,土地2建物1車位1,四層,17,住宅大樓(11層含以上有電梯),住家用,鋼筋混凝土造,11.06,120.15,2,2,1,有,無,13850000,138655,,1500000,,,,,25.0146273,121.2183978
中壢區,房地(土地+建物)+車位,桃園市中壢區青峰路一段35號旁,商,1110315,土地2建物1車位1,十層,17,住宅大樓(11層含以上有電梯),住家用,鋼筋混凝土造,14.81,150.33,3,2,2,有,無,18450000,139203,,1850000,,,,,25.0146273,121.2183978
中壢區,房地(土地+建物)+車位,桃園市中壢區青峰路一段35號旁,商,1110315,土地2建物1車位1,九層,17,住宅大樓(11層含以上有電梯),住家用,鋼筋混凝土造,9.1,104.02,2,2,1,有,無,11040000,129421,,1600000,,,,,25.0146273,121.2183978
中壢區,房地(土地+建物)+車位,桃園市中壢區青峰路一段35號旁,商,1110319,土地2建物1車位1,十五層,16,住宅大樓(11層含以上有電梯),住家用,鋼筋混凝土造,11.06,120.26,2,2,1,有,無,13260000,130186,,1650000,,,,,25.0146273,121.2183978
中壢區,房地(土地+建物)+車位,桃園市中壢區青峰路一段35號旁,商,1110319,土地2建物1車位1,十二層,17,住宅大樓(11層含以上有電梯),住家用,鋼筋混凝土造,9.01,103.73,2,2,1,有,無,11260000,130902,,1750000,,,,,25.0146273,121.2183978
中壢區,房地(土地+建物)+車位,桃園市中壢區青雲路,商,1110319,土地1建物1車位1,六層,14,住宅大樓(11層含以上有電梯),住家用,鋼筋混凝土造,15.24,132.13,3,2,2,有,無,14920000,131623,,2200000,,,,,25.0138103,121.2203549
中壢區,房地(土地+建物)+車位,桃園市中壢區青雲路,商,1110313,土地1建物1車位1,十三層,14,住宅大樓(11層含以上有電梯),住家用,鋼筋混凝土造,15.24,132.13,3,2,2,有,無,14050000,126759,,1800000,,,,,25.0138103,121.2203549
中壢區,房地(土地+建物)+車位,桃園市中壢區青雲路,商,1110315,土地1建物1車位1,九層,14,住宅大樓(11層含以上有電梯),住家用,鋼筋混凝土造,13,117.97,2,2,2,有,無,12310000,126819,,1850000,,,,,25.0138103,121.2203549
中壢區,房地(土地+建物)+車位,桃園市中壢區青雲路,商,1110319,土地1建物1車位1,四層,14,住宅大樓(11層含以上有電梯),住商用,鋼筋混凝土造,14.71,128.79,3,2,2,有,無,13550000,126474,,1750000,,,,,25.0138103,121.2203549
中壢區,房地(土地+建物)+車位,桃園市中壢區青雲路,商,1110316,土地1建物1車位1,五層,14,住宅大樓(11層含以上有電梯),住家用,鋼筋混凝土造,12.96,117.7,2,2,2,有,無,13850000,147184,,1750000,,,,,25.0138103,121.2203549
中壢區,房地(土地+建物)+車位,桃園市中壢區青雲路,商,1110319,土地1建物1車位1,八層,14,住宅大樓(11層含以上有電梯),住家用,鋼筋混凝土造,12.96,117.7,2,2,2,有,無,14400000,151441,,1950000,,,,,25.0138103,121.2203549
中壢區,房地(土地+建物),桃園市中壢區青雲路,商,1110319,土地1建物1車位0,三層,14,住宅大樓(11層含以上有電梯),住商用,鋼筋混凝土造,10.06,63.79,0,0,0,無,無,10150000,159116,,0,,,,,25.0138103,121.2203549
中壢區,房地(土地+建物)+車位,桃園市中壢區青雲路,商,1110318,土地1建物1車位1,十三層,14,住宅大樓(11層含以上有電梯),住商用,鋼筋混凝土造,14.71,128.79,3,2,2,有,無,13350000,123794,,1800000,,,,,25.0138103,121.2203549
中壢區,房地(土地+建物)+車位,桃園市中壢區青雲路,商,1110316,土地1建物1車位1,十四層,14,住宅大樓(11層含以上有電梯),住商用,鋼筋混凝土造,14.71,128.79,3,2,2,有,無,13300000,121651,,1950000,,,,,25.0138103,121.2203549
中壢區,房地(土地+建物),桃園市中壢區青雲路,商,1110319,土地1建物1車位0,九層,14,住宅大樓(11層含以上有電梯),住家用,鋼筋混凝土造,13.06,82.82,2,2,2,有,無,10200000,123159,,0,,,,,25.0138103,121.2203549
中壢區,房地(土地+建物)+車位,桃園市中壢區青峰路二段,住,1110314,土地1建物1車位1,十層,11,住宅大樓(11層含以上有電梯),住家用,鋼筋混凝土造,20.32,118.53,2,2,2,有,無,14060000,145899,,2000000,,,,,25.0180816,121.2220533
中壢區,房地(土地+建物)+車位,桃園市中壢區青峰路二段,住,1110313,土地1建物1車位1,十層,11,住宅大樓(11層含以上有電梯),住家用,鋼筋混凝土造,20.32,118.53,2,2,2,有,無,13860000,145899,,1800000,,,,,25.0180816,121.2220533
中壢區,房地(土地+建物)+車位,桃園市中壢區青峰路二段,住,1110313,土地1建物1車位1,五層,11,住宅大樓(11層含以上有電梯),住家用,鋼筋混凝土造,24.51,135.57,3,2,2,有,無,15530000,136710,,1900000,,,,,25.0180816,121.2220533
中壢區,房地(土地+建物)+車位,桃園市中壢區青峰路二段,住,1110318,土地1建物1車位1,十一層,11,住宅大樓(11層含以上有電梯),住家用,鋼筋混凝土造,20.32,118.53,2,2,2,有,無,14310000,148318,,2050000,,,,,25.0180816,121.2220533
中壢區,房地(土地+建物)+車位,桃園市中壢區青雲路與青商路交叉口,商,1110318,土地1建物1車位1,十四層,15,住宅大樓(11層含以上有電梯),住家用,鋼筋混凝土造,14,128.62,3,2,2,有,無,17200000,154369,,2200000,,,,,25.0077916,121.2192226
中壢區,房地(土地+建物)+車位,桃園市中壢區松義路B2棟11樓,住,1110225,土地1建物1車位1,十一層,14,住宅大樓(11層含以上有電梯),住家用,鋼筋混凝土造,23.76,155.83,3,2,2,有,無,12140000,84687,,1350000,,,,,24.960095,121.1664522
中壢區,房地(土地+建物)+車位,桃園市中壢區松義路B1棟13樓,住,1110226,土地1建物1車位1,十三層,14,住宅大樓(11層含以上有電梯),住家用,鋼筋混凝土造,16.55,117.09,2,2,1,有,無,9000000,85147,,1450000,,,,,24.960095,121.1664522
中壢區,房地(土地+建物)+車位,桃園市中壢區高鐵北路一段,商,1110221,土地2建物1車位1,三層,17,住宅大樓(11層含以上有電梯),住商用,鋼筋混凝土造,10.94,128.14,0,0,0,無,無,13960000,123102,,1800000,,,,,25.0143928,121.2150237
中壢區,房地(土地+建物)+車位,桃園市中壢區桃園市中壢區民權路四段與永順街交叉路口青溪段519地號,住,1110313,土地1建物1車位2,五層,12,住宅大樓(11層含以上有電梯),住家用,鋼筋混凝土造,30.93,201.95,3,2,2,有,無,17620000,111764,,3550000,,,,,25.0110968,121.2028484
中壢區,房地(土地+建物)+車位,桃園市中壢區桃園市中壢區民權路四段與永順街交叉路口青溪段519地號,住,1110311,土地1建物1車位1,八層,12,住宅大樓(11層含以上有電梯),住家用,鋼筋混凝土造,30.93,163.92,3,2,2,有,無,16520000,115736,,1950000,,,,,25.0110968,121.2028484
中壢區,房地(土地+建物)+車位,桃園市中壢區桃園市中壢區民權路四段與永順街交叉路口青溪段519地號,住,1110318,土地1建物1車位1,五層,12,住宅大樓(11層含以上有電梯),住家用,鋼筋混凝土造,30.95,164.05,3,2,2,有,無,15930000,112522,,1750000,,,,,25.0110968,121.2028484
中壢區,房地(土地+建物)+車位,桃園市中壢區桃園市中壢區民權路四段與永順街交叉路口青溪段519地號,住,1110318,土地1建物1車位1,六層,12,住宅大樓(11層含以上有電梯),住家用,鋼筋混凝土造,30.95,164.05,3,2,2,有,無,16210000,113950,,1850000,,,,,25.0110968,121.2028484
中壢區,房地(土地+建物)+車位,桃園市中壢區領航南路三段與青雲路交叉路口（青平段97地號）,商,1110313,土地1建物1車位1,十一層,18,住宅大樓(11層含以上有電梯),住家用,鋼筋混凝土造,18.08,151.76,3,2,2,有,無,19220000,137053,,2050000,,,,,25.0129819,121.2213948
中壢區,房地(土地+建物)+車位,桃園市中壢區領航南路三段與青雲路交叉路口（青平段97地號）,商,1110308,土地1建物1車位1,六層,18,住宅大樓(11層含以上有電梯),住家用,鋼筋混凝土造,18.21,150.01,3,2,2,有,無,19380000,137718,,2000000,,,,,25.0129819,121.2213948
中壢區,房地(土地+建物)+車位,桃園市中壢區領航南路四段青昇段397地號,住,1110319,土地1建物1車位1,三層,12,住宅大樓(11層含以上有電梯),住家用,鋼筋混凝土造,22.42,129.96,2,2,2,有,無,17320000,147891,,2000000,,,,,25.0143496,121.2216144
中壢區,房地(土地+建物)+車位,桃園市中壢區領航南路四段青昇段397地號,住,1110321,土地1建物1車位1,十一層,12,住宅大樓(11層含以上有電梯),住家用,鋼筋混凝土造,22.53,132.76,2,2,2,有,無,16280000,139231,,1800000,,,,,25.0143496,121.2216144
中壢區,房地(土地+建物)+車位,桃園市中壢區領航南路四段青昇段397地號,住,1110314,土地1建物1車位1,三層,12,住宅大樓(11層含以上有電梯),住家用,鋼筋混凝土造,31.29,173.27,3,2,2,有,無,19580000,123036,,1800000,,,,,25.0143496,121.2216144
中壢區,房地(土地+建物)+車位,桃園市中壢區高鐵南路五段888號11樓,住,1110227,土地1建物1車位1,十一層,15,住宅大樓(11層含以上有電梯),住家用,鋼筋混凝土造,23.38,148.27,2,1,1,有,無,9100000,67268,,1350000,,,,,24.9628492,121.1635264
中壢區,房地(土地+建物)+車位,桃園市中壢區高鐵南路五段888號13樓,住,1110224,土地1建物1車位1,十三層,15,住宅大樓(11層含以上有電梯),住家用,鋼筋混凝土造,23.38,148.27,2,1,1,有,無,9200000,68136,,1350000,,,,,24.9628492,121.1635264
中壢區,房地(土地+建物)+車位,桃園市中壢區高鐵南路五段888號9樓,住,1110306,土地1建物1車位1,九層,15,住宅大樓(11層含以上有電梯),住家用,鋼筋混凝土造,23.38,148.27,2,1,1,有,無,9200000,68136,,1350000,,,,,24.9628492,121.1635264
中壢區,房地(土地+建物)+車位,桃園市中壢區高鐵南路五段888號15樓,住,1110307,土地1建物1車位1,十五層,15,住宅大樓(11層含以上有電梯),住家用,鋼筋混凝土造,23.38,152.57,2,1,1,有,無,9050000,66400,,1400000,,,,,24.9628492,121.1635264
中壢區,房地(土地+建物)+車位,桃園市中壢區民族路六段90號旁,商,1110325,土地1建物1車位1,二十層,22,住宅大樓(11層含以上有電梯),住家用,鋼骨鋼筋混凝土造,19.79,209.54,3,2,2,有,無,18200000,97823,,1350000,,,,,24.9594219,121.1644019
中壢區,房地(土地+建物)+車位,桃園市中壢區高鐵南路三段與圓光路交叉口附近,,1110323,土地1建物1車位1,九層,15,住宅大樓(11層含以上有電梯),住家用,鋼筋混凝土造,29.77,146.47,3,2,2,有,無,12810000,97990,,1400000,,,,,24.9962582,121.1978085
中壢區,房地(土地+建物)+車位,桃園市中壢區高鐵南路三段與圓光路交叉口附近,,1110324,土地1建物1車位1,三層,15,住宅大樓(11層含以上有電梯),住家用,鋼筋混凝土造,29.77,146.47,3,2,2,有,無,11780000,87427,,1600000,,,,,24.9962582,121.1978085
中壢區,房地(土地+建物)+車位,桃園市中壢區民權路四段557巷13旁,住,1110318,土地1建物1車位1,十四層,14,住宅大樓(11層含以上有電梯),住家用,鋼筋混凝土造,19.48,128.62,2,2,1,有,無,12070000,112644,,1700000,,,,,25.0113129,121.2026807
中壢區,房地(土地+建物)+車位,桃園市中壢區民權路四段557巷13旁,住,1110326,土地1建物1車位1,十層,14,住宅大樓(11層含以上有電梯),住家用,鋼筋混凝土造,18.66,126.04,2,2,1,有,無,12030000,117094,,1700000,,,,,25.0113129,121.2026807
中壢區,房地(土地+建物)+車位,桃園市中壢區正光一街及正光街交叉口,住,1110304,土地6建物1車位1,八層,13,住宅大樓(11層含以上有電梯),住家用,鋼筋混凝土造,24.88,159.84,3,2,2,有,無,15250000,111466,,2000000,,,,,24.9583794,121.2022731
中壢區,房地(土地+建物)+車位,桃園市中壢區正光一街及正光街交叉口,住,1110306,土地6建物1車位1,十二層,13,住宅大樓(11層含以上有電梯),住家用,鋼筋混凝土造,24.88,159.84,3,2,2,有,無,15400000,113569,,1900000,,,,,24.9583794,121.2022731
中壢區,房地(土地+建物)+車位,桃園市中壢區正光一街及正光街交叉口,住,1110326,土地6建物1車位1,七層,13,住宅大樓(11層含以上有電梯),住家用,鋼筋混凝土造,24.88,159.84,3,2,2,有,無,16960000,116177,,3150000,,,,,24.9583794,121.2022731
中壢區,房地(土地+建物)+車位,桃園市中壢區褔嶺路（山嶺段382、383等二筆）,,1110307,土地2建物1車位1,五層,10,華廈(10層含以下有電梯),住家用,鋼筋混凝土造,30.14,148.84,3,2,2,有,無,9780000,72597,,1350000,,,,,24.9683358,121.1751456
中壢區,房地(土地+建物)+車位,桃園市中壢區中山東路,商,1110323,土地1建物1車位1,七層,12,住宅大樓(11層含以上有電梯),住家用,鋼筋混凝土造,13.01,105.23,2,2,1,有,無,11350000,112493,,950000,,,,,24.9363931,121.2507827
中壢區,房地(土地+建物),桃園市中壢區榮民路510號之旁,農,1110326,土地2建物1車位0,全,4,透天厝,住家用,鋼筋混凝土造,84.19,236.3,3,2,4,有,無,21740000,92002,,0,,,,,24.9575716,121.259517
中壢區,房地(土地+建物)+車位,桃園市中壢區永裕路、永園路口,住,1110315,土地2建物1車位4,二十一層,31,住宅大樓(11層含以上有電梯),見其他登記事項,見其他登記事項,90.4,569.63,0,0,4,有,無,62410000,123107,,7200000,,,,,25.0081623,121.2008081
中壢區,房地(土地+建物),桃園市中壢區山東路588巷56弄,,1110304,土地3建物1車位0,全,5,透天厝,住家用,鋼筋混凝土造,82.64,225.89,5,3,6,有,無,15880000,70300,,0,,,,,25.0095898,121.1683125
中壢區,房地(土地+建物)+車位,桃園市中壢區民權路四段438號之對面,住,1110318,土地13建物1車位2,十一層,25,住宅大樓(11層含以上有電梯),住家用,鋼骨鋼筋混凝土造,58.12,401.75,4,2,3,有,無,56290000,152222,,4600000,,,,,25.0056042,121.2028418
中壢區,房地(土地+建物)+車位,桃園市中壢區民權路四段438號之對面,住,1110318,土地13建物1車位2,十三層,25,住宅大樓(11層含以上有電梯),住家用,鋼骨鋼筋混凝土造,58.12,401.75,4,2,3,有,無,56710000,153459,,4600000,,,,,25.0056042,121.2028418
中壢區,房地(土地+建物)+車位,桃園市中壢區青峰路一段35號旁,商,1110321,土地2建物1車位1,十五層,17,住宅大樓(11層含以上有電梯),住家用,鋼筋混凝土造,8.92,102.8,2,2,1,有,無,10850000,130368,,1500000,,,,,25.0146273,121.2183978
中壢區,房地(土地+建物)+車位,桃園市中壢區青峰路一段35號旁,商,1110321,土地2建物1車位1,十六層,17,住宅大樓(11層含以上有電梯),住家用,鋼筋混凝土造,12.13,128.22,2,2,1,有,無,14410000,130327,,1750000,,,,,25.0146273,121.2183978
中壢區,房地(土地+建物)+車位,桃園市中壢區青峰路一段35號旁,商,1110321,土地2建物1車位1,四層,17,住宅大樓(11層含以上有電梯),住家用,鋼筋混凝土造,9.1,104.16,2,2,1,有,無,10870000,128216,,1500000,,,,,25.0146273,121.2183978
中壢區,房地(土地+建物)+車位,桃園市中壢區青峰路一段35號旁,商,1110322,土地2建物1車位1,九層,16,住宅大樓(11層含以上有電梯),住家用,鋼筋混凝土造,11.06,120.26,2,2,1,有,無,13050000,128392,,1600000,,,,,25.0146273,121.2183978
中壢區,房地(土地+建物)+車位,桃園市中壢區青峰路一段35號旁,商,1110322,土地2建物1車位1,十一層,17,住宅大樓(11層含以上有電梯),住家用,鋼筋混凝土造,8.92,102.8,2,2,1,有,無,10910000,129113,,1650000,,,,,25.0146273,121.2183978
中壢區,房地(土地+建物)+車位,桃園市中壢區青峰路一段35號旁,商,1110323,土地2建物1車位1,九層,15,住宅大樓(11層含以上有電梯),住家用,鋼筋混凝土造,8.57,100,2,2,1,有,無,10600000,128410,,1750000,,,,,25.0146273,121.2183978
中壢區,房地(土地+建物)+車位,桃園市中壢區青峰路一段35號旁,商,1110323,土地2建物1車位1,五層,17,住宅大樓(11層含以上有電梯),住家用,鋼筋混凝土造,15.97,159.47,3,2,2,有,無,18340000,129995,,1650000,,,,,25.0146273,121.2183978
中壢區,房地(土地+建物)+車位,桃園市中壢區青峰路一段35號旁,商,1110326,土地2建物1車位1,三層,16,住宅大樓(11層含以上有電梯),住家用,鋼筋混凝土造,14.01,143.64,3,2,2,有,無,17360000,138682,,1750000,,,,,25.0146273,121.2183978
中壢區,房地(土地+建物)+車位,桃園市中壢區青峰路一段35號旁,商,1110326,土地2建物1車位1,四層,16,住宅大樓(11層含以上有電梯),住家用,鋼筋混凝土造,11.33,122.16,2,2,1,有,無,14790000,143171,,1750000,,,,,25.0146273,121.2183978
中壢區,房地(土地+建物)+車位,桃園市中壢區青峰路一段35號旁,商,1110326,土地2建物1車位1,四層,17,住宅大樓(11層含以上有電梯),住家用,鋼筋混凝土造,16.33,162.39,3,2,2,有,無,17170000,118574,,1600000,,,,,25.0146273,121.2183978
中壢區,房地(土地+建物)+車位,桃園市中壢區青雲路,商,1110320,土地1建物1車位1,四層,14,住宅大樓(11層含以上有電梯),住家用,鋼筋混凝土造,15.24,132.13,3,2,2,有,無,13830000,125000,,1750000,,,,,25.0138103,121.2203549
中壢區,房地(土地+建物)+車位,桃園市中壢區青雲路,商,1110323,土地1建物1車位1,十四層,14,住宅大樓(11層含以上有電梯),住家用,鋼筋混凝土造,15.24,132.13,3,2,2,有,無,14010000,126863,,1750000,,,,,25.0138103,121.2203549
中壢區,房地(土地+建物),桃園市中壢區青雲路,商,1110321,土地1建物1車位0,十三層,14,住宅大樓(11層含以上有電梯),住家用,鋼筋混凝土造,13,82.48,2,2,2,有,無,10710000,129850,,0,,,,,25.0138103,121.2203549
中壢區,房地(土地+建物)+車位,桃園市中壢區青雲路,商,1110324,土地1建物1車位1,十二層,14,住宅大樓(11層含以上有電梯),住商用,鋼筋混凝土造,14.71,128.79,3,2,2,有,無,13650000,125938,,1900000,,,,,25.0138103,121.2203549
中壢區,房地(土地+建物),桃園市中壢區青雲路,商,1110325,土地1建物1車位0,三層,14,住宅大樓(11層含以上有電梯),住商用,鋼筋混凝土造,9.71,61.6,0,0,0,無,無,9030000,146591,,0,,,,,25.0138103,121.2203549
中壢區,房地(土地+建物)+車位,桃園市中壢區青峰路二段,住,1110320,土地1建物1車位1,六層,11,住宅大樓(11層含以上有電梯),住家用,鋼筋混凝土造,20.32,118.53,2,2,2,有,無,13650000,142149,,1900000,,,,,25.0180816,121.2220533
中壢區,房地(土地+建物)+車位,桃園市中壢區青雲路與青商路交叉口,商,1110323,土地1建物1車位1,十四層,15,住宅大樓(11層含以上有電梯),住家用,鋼筋混凝土造,11.4,110.98,3,2,2,有,無,14380000,155665,,2000000,,,,,25.0077916,121.2192226
中壢區,房地(土地+建物)+車位,桃園市中壢區文興路與文昌路交叉口,住,1110319,土地1建物1車位1,四層,13,住宅大樓(11層含以上有電梯),住家用,鋼筋混凝土造,26.46,158.03,3,2,2,有,無,17400000,124264,,2000000,,,,,24.9996807,121.2065281
中壢區,房地(土地+建物)+車位,桃園市中壢區文興路與文昌路交叉口,住,1110320,土地1建物1車位1,十三層,13,住宅大樓(11層含以上有電梯),住家用,鋼筋混凝土造,19.59,125.83,2,2,1,有,無,12860000,118936,,1950000,,,,,24.9996807,121.2065281
中壢區,房地(土地+建物),桃園市中壢區高鐵北路一段,商,1110320,土地2建物1車位0,八層,17,住宅大樓(11層含以上有電梯),住家用,鋼筋混凝土造,8.23,74.46,1,1,1,有,無,9980000,134032,,0,,,,,25.0143928,121.2150237
中壢區,房地(土地+建物)+車位,桃園市中壢區高鐵北路一段,商,1110326,土地2建物1車位1,六層,17,住宅大樓(11層含以上有電梯),住家用,鋼筋混凝土造,16.71,179.73,4,2,2,有,無,24650000,151293,,1900000,,,,,25.0143928,121.2150237
中壢區,房地(土地+建物)+車位,桃園市中壢區高鐵北路一段,商,1110320,土地2建物1車位1,五層,17,住宅大樓(11層含以上有電梯),住家用,鋼筋混凝土造,12.84,144.96,3,2,2,有,無,17100000,132353,,1800000,,,,,25.0143928,121.2150237
中壢區,房地(土地+建物),桃園市中壢區青埔路一段與青商路交叉口,商,1110320,土地5建物1車位0,一層,19,店面(店鋪),住商用,鋼筋混凝土造,16.63,117.13,0,0,0,無,無,21610000,184496,,0,,,,,25.0077916,121.2192226
中壢區,房地(土地+建物)+車位,桃園市中壢區青埔路一段與青商路交叉口,商,1110320,土地5建物1車位1,十三層,19,住宅大樓(11層含以上有電梯),住家用,鋼筋混凝土造,17.4,145.55,3,2,2,有,無,18550000,134837,,2050000,,,,,25.0077916,121.2192226
中壢區,房地(土地+建物)+車位,桃園市中壢區青埔路一段與青商路交叉口,商,1110326,土地5建物1車位1,五層,19,住宅大樓(11層含以上有電梯),住家用,鋼筋混凝土造,12.58,111.84,2,2,2,有,無,14280000,139635,,1900000,,,,,25.0077916,121.2192226
中壢區,房地(土地+建物)+車位,桃園市中壢區中榮路,商,1110305,土地10建物1車位1,十九層,20,住宅大樓(11層含以上有電梯),住家用,鋼筋混凝土造,13.15,143.56,3,2,2,有,無,17080000,130019,,2250000,,,,,24.9548681,121.2208794
中壢區,房地(土地+建物)+車位,桃園市中壢區領航南路一段113號旁,住,1110327,土地1建物1車位2,八層,15,住宅大樓(11層含以上有電梯),住家用,鋼筋混凝土造,44.78,303.6,4,2,3,有,無,36700000,144686,,3700000,,,,,25.0011018,121.2061198
中壢區,房地(土地+建物)+車位,桃園市中壢區領航南路一段113號旁,住,1110327,土地1建物1車位2,十四層,15,住宅大樓(11層含以上有電梯),住家用,鋼筋混凝土造,36.32,260.63,3,2,2,有,無,28700000,135055,,3700000,,,,,25.0011018,121.2061198
中壢區,房地(土地+建物)+車位,桃園市中壢區青商路143-0號旁,商,1110326,土地1建物1車位1,七層,21,住宅大樓(11層含以上有電梯),住家用,鋼筋混凝土造,29.43,233.67,3,2,2,有,無,39250000,178898,,2050000,,,,,25.0072223,121.2183655
中壢區,房地(土地+建物)+車位,桃園市中壢區中榮路,商,1110326,土地10建物1車位1,十九層,20,住宅大樓(11層含以上有電梯),住家用,鋼筋混凝土造,11.32,126.93,2,2,2,有,無,14750000,131209,,1700000,,,,,24.9548681,121.2208794
中壢區,房地(土地+建物)+車位,桃園市中壢區領航南路四段青昇段397地號,住,1110326,土地1建物1車位1,十二層,12,住宅大樓(11層含以上有電梯),住家用,鋼筋混凝土造,22.53,130.37,2,2,2,有,無,16450000,139904,,1900000,,,,,25.0143496,121.2216144
中壢區,房地(土地+建物)+車位,桃園市中壢區桃園市中壢區民權路四段與永順街交叉路口青溪段519地號,住,1110321,土地1建物1車位1,十二層,12,住宅大樓(11層含以上有電梯),住家用,鋼筋混凝土造,30.93,163.92,3,2,2,有,無,16160000,112876,,1950000,,,,,25.0110968,121.2028484
中壢區,房地(土地+建物)+車位,桃園市中壢區桃園市中壢區民權路四段與永順街交叉路口青溪段519地號,住,1110325,土地1建物1車位1,十二層,12,住宅大樓(11層含以上有電梯),住家用,鋼筋混凝土造,23.89,135.21,2,2,1,有,無,13230000,116073,,1950000,,,,,25.0110968,121.2028484
中壢區,房地(土地+建物)+車位,桃園市中壢區桃園市中壢區民權路四段與永順街交叉路口青溪段519地號,住,1110326,土地1建物1車位1,十二層,12,住宅大樓(11層含以上有電梯),住家用,鋼筋混凝土造,22.29,128.78,2,2,1,有,無,12560000,118017,,1850000,,,,,25.0110968,121.2028484
中壢區,房地(土地+建物)+車位,桃園市中壢區桃園市中壢區民權路四段與永順街交叉路口青溪段519地號,住,1110326,土地1建物1車位1,三層,12,住宅大樓(11層含以上有電梯),住家用,鋼筋混凝土造,29.45,157.84,3,2,2,有,無,15470000,113680,,1850000,,,,,25.0110968,121.2028484
中壢區,房地(土地+建物)+車位,桃園市中壢區莊敬路與陸光五街口自立段879等1筆,住,1110325,土地1建物1車位1,九層,15,住宅大樓(11層含以上有電梯),住家用,鋼筋混凝土造,33.64,193.54,3,2,2,有,無,20980000,112606,,1980000,,,,,24.9652588,121.2562633
中壢區,房地(土地+建物)+車位,桃園市中壢區莊敬路與陸光五街口自立段879等1筆,住,1110325,土地1建物1車位1,八層,15,住宅大樓(11層含以上有電梯),住家用,鋼筋混凝土造,33.64,193.54,3,2,2,有,無,20850000,111835,,1980000,,,,,24.9652588,121.2562633
中壢區,房地(土地+建物)+車位,桃園市中壢區莊敬路與陸光五街口自立段879等1筆,住,1110326,土地1建物1車位1,五層,15,住宅大樓(11層含以上有電梯),住家用,鋼筋混凝土造,33.64,193.54,3,2,2,有,無,19840000,105850,,1980000,,,,,24.9652588,121.2562633
中壢區,房地(土地+建物)+車位,桃園市中壢區高鐵北路一段、青峰路二段,住,1110324,土地1建物1車位1,一層,13,住宅大樓(11層含以上有電梯),住家用,鋼筋混凝土造,23.34,148.51,1,0,1,有,無,33910000,266202,,2200000,,,,,25.0180816,121.2220533
中壢區,房地(土地+建物),桃園市中壢區中榮路,商,1110331,土地10建物1車位0,十一層,20,住宅大樓(11層含以上有電梯),住家用,鋼筋混凝土造,11.32,99.46,2,2,2,有,無,12660000,127287,,0,,,,,24.9548681,121.2208794
中壢區,房地(土地+建物)+車位,桃園市中壢區文興路與文昌路交叉口,住,1110331,土地1建物1車位2,七層,13,住宅大樓(11層含以上有電梯),住家用,鋼筋混凝土造,24.88,184.71,3,2,2,有,無,16880000,113982,,3600000,,,,,24.9996807,121.2065281
中壢區,房地(土地+建物)+車位,桃園市中壢區高鐵北路一段,商,1110329,土地2建物1車位1,八層,17,住宅大樓(11層含以上有電梯),住家用,鋼筋混凝土造,12.84,144.96,3,2,2,有,無,17000000,131488,,1800000,,,,,25.0143928,121.2150237
中壢區,房地(土地+建物),桃園市中壢區高鐵北路一段,商,1110330,土地2建物1車位0,十二層,17,住宅大樓(11層含以上有電梯),住家用,鋼筋混凝土造,8.23,74.46,1,1,1,有,無,10750000,144373,,0,,,,,25.0143928,121.2150237
中壢區,房地(土地+建物),桃園市中壢區高鐵北路一段,商,1110327,土地2建物1車位0,九層,17,住宅大樓(11層含以上有電梯),住家用,鋼筋混凝土造,8.23,74.46,1,1,1,有,無,9980000,134032,,0,,,,,25.0143928,121.2150237
中壢區,房地(土地+建物),桃園市中壢區青雲路,商,1110329,土地1建物1車位0,五層,14,住宅大樓(11層含以上有電梯),住家用,鋼筋混凝土造,14.71,93.3,3,2,2,有,無,12140000,130118,,0,,,,,25.0138103,121.2203549
中壢區,房地(土地+建物)+車位,桃園市中壢區青雲路,商,1110330,土地1建物1車位1,八層,14,住宅大樓(11層含以上有電梯),住家用,鋼筋混凝土造,15.24,132.13,3,2,2,有,無,14050000,125207,,1950000,,,,,25.0138103,121.2203549
中壢區,房地(土地+建物)+車位,桃園市中壢區青峰路一段35號旁,商,1110328,土地2建物1車位1,八層,16,住宅大樓(11層含以上有電梯),住家用,鋼筋混凝土造,11.06,120.26,2,2,1,有,無,12920000,128056,,1500000,,,,,25.0146273,121.2183978
中壢區,房地(土地+建物)+車位,桃園市中壢區青峰路一段35號旁,商,1110328,土地2建物1車位1,六層,17,住宅大樓(11層含以上有電梯),住家用,鋼筋混凝土造,9.1,104.02,2,2,1,有,無,11150000,128873,,1750000,,,,,25.0146273,121.2183978
中壢區,房地(土地+建物)+車位,桃園市中壢區青峰路一段35號旁,商,1110328,土地2建物1車位1,十二層,17,住宅大樓(11層含以上有電梯),住家用,鋼筋混凝土造,9.1,104.16,2,2,1,有,無,11060000,130816,,1500000,,,,,25.0146273,121.2183978
中壢區,房地(土地+建物)+車位,桃園市中壢區青峰路一段35號旁,商,1110328,土地2建物1車位1,十四層,17,住宅大樓(11層含以上有電梯),住家用,鋼筋混凝土造,9.1,104.16,2,2,1,有,無,11080000,131089,,1500000,,,,,25.0146273,121.2183978
中壢區,房地(土地+建物)+車位,桃園市中壢區青峰路一段35號旁,商,1110330,土地2建物1車位1,十六層,16,住宅大樓(11層含以上有電梯),住家用,鋼筋混凝土造,10.71,117.32,2,2,1,有,無,14130000,145292,,1600000,,,,,25.0146273,121.2183978
中壢區,房地(土地+建物)+車位,桃園市中壢區青峰路一段35號旁,商,1110330,土地2建物1車位1,七層,16,住宅大樓(11層含以上有電梯),住家用,鋼筋混凝土造,13.47,139.19,3,2,2,有,無,16760000,140228,,1600000,,,,,25.0146273,121.2183978
中壢區,房地(土地+建物)+車位,桃園市中壢區青峰路一段35號旁,商,1110330,土地2建物1車位1,四層,17,住宅大樓(11層含以上有電梯),住家用,鋼筋混凝土造,8.92,102.53,2,2,1,有,無,10650000,128062,,1500000,,,,,25.0146273,121.2183978
中壢區,房地(土地+建物)+車位,桃園市中壢區1-9號道路高鐵南路松信一街交叉口,住,1110323,土地1建物1車位1,十一層,15,住宅大樓(11層含以上有電梯),住家用,鋼筋混凝土造,22.85,130.6,2,2,1,有,無,9250000,82501,,1650000,,,,,25.0109561,121.2119293
中壢區,房地(土地+建物)+車位,桃園市中壢區1-9號道路高鐵南路松信一街交叉口,住,1110322,土地1建物1車位1,八層,15,住宅大樓(11層含以上有電梯),住家用,鋼筋混凝土造,21.83,126.45,2,2,2,有,無,8910000,81619,,1730000,,,,,25.0109561,121.2119293
中壢區,房地(土地+建物)+車位,桃園市中壢區桃園市中壢區民權路四段與永順街交叉路口青溪段519地號,住,1110330,土地1建物1車位1,十一層,12,住宅大樓(11層含以上有電梯),住家用,鋼筋混凝土造,30.93,163.92,3,2,2,有,無,16430000,115815,,1850000,,,,,25.0110968,121.2028484
中壢區,房地(土地+建物)+車位,桃園市中壢區領航南路三段與青雲路交叉路口（青平段97地號）,商,1110321,土地1建物1車位1,十五層,18,住宅大樓(11層含以上有電梯),住家用,鋼筋混凝土造,9.07,86.62,0,0,1,有,無,10490000,137558,,1850000,,,,,25.0129819,121.2213948
中壢區,房地(土地+建物)+車位,桃園市中壢區領航南路三段與青雲路交叉路口（青平段97地號）,商,1110323,土地1建物1車位1,八層,18,住宅大樓(11層含以上有電梯),住家用,鋼筋混凝土造,9.07,89.29,0,0,1,有,無,10560000,134692,,2100000,,,,,25.0129819,121.2213948
中壢區,房地(土地+建物),桃園市中壢區民權路及中新東路口,商,1110323,土地1建物1車位0,六層,17,住宅大樓(11層含以上有電梯),住家用,鋼筋混凝土造,10.13,74.9,2,1,1,有,無,8480000,113218,,0,,,,,24.959725,121.2174661
中壢區,房地(土地+建物)+車位,桃園市中壢區民族路六段90號旁,商,1110329,土地1建物1車位1,十八層,22,住宅大樓(11層含以上有電梯),住家用,鋼骨鋼筋混凝土造,16.63,176.75,3,2,2,有,無,14630000,95941,,1250000,,,,,24.9594219,121.1644019
中壢區,房地(土地+建物)+車位,桃園市中壢區自立三街與莊敬路交叉口處自立段1329地號,住,1110326,土地1建物1車位1,五層,14,住宅大樓(11層含以上有電梯),住家用,鋼筋混凝土造,26.84,165.73,3,2,2,有,無,15480000,101411,,1900000,,,,,24.9652588,121.2562633
中壢區,房地(土地+建物)+車位,桃園市中壢區福州二街及福星一街交叉口,住,1110327,土地2建物1車位1,十層,12,住宅大樓(11層含以上有電梯),住家用,鋼筋混凝土造,23.53,133.83,2,2,2,有,無,12180000,105344,,1850000,,,,,24.9666148,121.2307533
中壢區,房地(土地+建物)+車位,桃園市中壢區民權路四段557巷13旁,住,1110329,土地1建物1車位1,八層,14,住宅大樓(11層含以上有電梯),住家用,鋼筋混凝土造,19.48,127.64,2,2,1,有,無,12620000,116811,,1850000,,,,,25.0113129,121.2026807
中壢區,房地(土地+建物)+車位,桃園市中壢區領航南路三段370號旁,商,1110321,土地1建物1車位1,九層,18,住宅大樓(11層含以上有電梯),住家用,鋼筋混凝土造,20.27,171.79,3,2,2,有,無,19000000,130458,,1850000,,,,,25.0125151,121.2216486
中壢區,房地(土地+建物),桃園市中壢區龍慈路22號旁,住,1110328,土地1建物1車位0,三層,13,住宅大樓(11層含以上有電梯),住家用,鋼筋混凝土造,15.62,93.35,2,2,2,有,無,8254000,88420,,0,,,,,24.9439051,121.2476229
中壢區,房地(土地+建物),桃園市中壢區龍慈路22號旁,住,1110330,土地1建物1車位0,十一層,13,住宅大樓(11層含以上有電梯),住家用,鋼筋混凝土造,15.62,93.35,2,2,2,有,無,8351000,89459,,0,,,,,24.9439051,121.2476229
中壢區,房地(土地+建物)+車位,桃園市中壢區龍慈路107號對面,住,1110329,土地1建物1車位1,五層,15,住宅大樓(11層含以上有電梯),住家用,鋼筋混凝土造,24.76,164.41,3,2,2,有,無,11104000,73502,,1548000,,,,,24.9422242,121.2466994
中壢區,房地(土地+建物)+車位,桃園市中壢區青雲路,商,1110325,土地1建物1車位1,十一層,14,住宅大樓(11層含以上有電梯),住家用,鋼筋混凝土造,15.24,132.13,3,2,2,有,無,14180000,126552,,1950000,,,,,25.0138103,121.2203549
中壢區,房地(土地+建物)+車位,桃園市中壢區自立三街與莊敬路交叉口處自立段1329地號,住,1110328,土地1建物1車位2,一層,14,住宅大樓(11層含以上有電梯),商業用,鋼筋混凝土造,20.54,166.41,0,0,0,無,無,22730000,185171,,3700000,,,,,24.9652588,121.2562633
中壢區,房地(土地+建物)+車位,桃園市中壢區領航南路一段及民權路四段（路口）,住,1110326,土地1建物1車位1,十層,11,住宅大樓(11層含以上有電梯),住家用,鋼筋混凝土造,22.41,138.22,2,2,2,有,無,13980000,120426,,2000000,,,,,25.0064287,121.2024469
中壢區,房地(土地+建物)+車位,桃園市中壢區永能路65~75號旁,住,1110331,土地3建物1車位2,十層,27,住宅大樓(11層含以上有電梯),住家用,鋼筋混凝土造,26.77,214.99,3,2,2,有,無,22200000,117986,,4600000,,,,,25.0074176,121.204086
中壢區,房地(土地+建物)+車位,桃園市中壢區中榮路,商,1110326,土地10建物1車位1,十四層,20,住宅大樓(11層含以上有電梯),住家用,鋼筋混凝土造,17.13,178.14,3,2,2,有,無,20580000,126346,,1800000,,,,,24.9548681,121.2208794
中壢區,房地(土地+建物)+車位,桃園市中壢區中榮路,商,1110326,土地10建物1車位1,十三層,20,住宅大樓(11層含以上有電梯),住家用,鋼筋混凝土造,17.13,178.14,3,2,2,有,無,20790000,125740,,2100000,,,,,24.9548681,121.2208794
中壢區,房地(土地+建物)+車位,桃園市中壢區山大二路38巷61號對面,,1110325,土地4建物1車位1,八層,8,華廈(10層含以下有電梯),住家用,鋼筋混凝土造,36.7,174.82,3,2,2,有,無,10650000,67568,,1450000,,,,,25.0264974,121.1685508
中壢區,房地(土地+建物)+車位,桃園市中壢區領航南路四段青昇段397地號,住,1110329,土地1建物1車位1,六層,12,住宅大樓(11層含以上有電梯),住家用,鋼筋混凝土造,22.04,130.56,2,2,2,有,無,15410000,134676,,1700000,,,,,25.0143496,121.2216144
中壢區,房地(土地+建物)+車位,桃園市中壢區領航南路三段370號旁,商,1110326,土地1建物1車位1,四層,18,住宅大樓(11層含以上有電梯),住家用,鋼筋混凝土造,22.42,185.62,3,2,2,有,無,19300000,121137,,1700000,,,,,25.0125151,121.2216486
中壢區,房地(土地+建物)+車位,桃園市中壢區領航南路三段370號旁,商,1110327,土地1建物1車位2,六層,18,住宅大樓(11層含以上有電梯),住家用,鋼筋混凝土造,22.42,225.95,3,2,2,有,無,21330000,122032,,3600000,,,,,25.0125151,121.2216486
中壢區,房地(土地+建物)+車位,桃園市中壢區領航南路三段370號旁,商,1110328,土地1建物1車位1,七層,18,住宅大樓(11層含以上有電梯),住家用,鋼筋混凝土造,22.42,185.62,3,2,2,有,無,20000000,125267,,1800000,,,,,25.0125151,121.2216486
中壢區,房地(土地+建物)+車位,桃園市中壢區領航南路三段370號旁,住,1110328,土地1建物1車位1,八層,18,住宅大樓(11層含以上有電梯),住家用,鋼筋混凝土造,22.42,174.55,3,2,2,有,無,20180000,127538,,1650000,,,,,25.0125151,121.2216486
中壢區,房地(土地+建物)+車位,桃園市中壢區1-9號道路高鐵南路松信一街交叉口,住,1110324,土地1建物1車位1,六層,15,住宅大樓(11層含以上有電梯),住家用,鋼筋混凝土造,22.85,130.6,2,2,1,有,無,8850000,79462,,1530000,,,,,25.0109561,121.2119293
中壢區,房地(土地+建物)+車位,桃園市中壢區1-9號道路高鐵南路松信一街交叉口,住,1110321,土地1建物1車位1,十層,15,住宅大樓(11層含以上有電梯),住家用,鋼筋混凝土造,22.85,130.6,2,2,1,有,無,9120000,82175,,1550000,,,,,25.0109561,121.2119293
中壢區,房地(土地+建物)+車位,桃園市中壢區1-9號道路高鐵南路松信一街交叉口,住,1110331,土地1建物1車位1,十四層,15,住宅大樓(11層含以上有電梯),住家用,鋼筋混凝土造,22.85,130.6,2,2,1,有,無,9680000,87386,,1630000,,,,,25.0109561,121.2119293
中壢區,房地(土地+建物)+車位,桃園市中壢區1-9號道路高鐵南路松信一街交叉口,住,1110328,土地1建物1車位1,十層,15,住宅大樓(11層含以上有電梯),住家用,鋼筋混凝土造,23.55,133.4,2,2,1,有,無,9300000,82701,,1450000,,,,,25.0109561,121.2119293
中壢區,房地(土地+建物)+車位,桃園市中壢區1-9號道路高鐵南路松信一街交叉口,住,1110324,土地1建物1車位1,五層,15,住宅大樓(11層含以上有電梯),住家用,鋼筋混凝土造,33.95,175.27,3,2,2,有,無,13280000,85752,,1550000,,,,,25.0109561,121.2119293
中壢區,房地(土地+建物)+車位,桃園市中壢區1-9號道路高鐵南路松信一街交叉口,住,1110328,土地1建物1車位1,十層,15,住宅大樓(11層含以上有電梯),住家用,鋼筋混凝土造,33.95,175.27,3,2,2,有,無,13700000,87506,,1730000,,,,,25.0109561,121.2119293
中壢區,房地(土地+建物)+車位,桃園市中壢區1-9號道路高鐵南路松信一街交叉口,住,1110328,土地1建物1車位1,七層,15,住宅大樓(11層含以上有電梯),住家用,鋼筋混凝土造,25.98,143.15,3,2,2,有,無,10500000,85507,,1550000,,,,,25.0109561,121.2119293
中壢區,房地(土地+建物)+車位,桃園市中壢區1-9號道路高鐵南路松信一街交叉口,住,1110328,土地1建物1車位1,八層,15,住宅大樓(11層含以上有電梯),住家用,鋼筋混凝土造,25.98,143.15,3,2,2,有,無,10680000,85793,,1700000,,,,,25.0109561,121.2119293
中壢區,房地(土地+建物)+車位,桃園市中壢區1-9號道路高鐵南路松信一街交叉口,住,1110328,土地1建物1車位1,十層,15,住宅大樓(11層含以上有電梯),住家用,鋼筋混凝土造,25.98,143.15,3,2,2,有,無,10750000,86462,,1700000,,,,,25.0109561,121.2119293
中壢區,房地(土地+建物)+車位,桃園市中壢區松平路,住,1110329,土地1建物1車位1,六層,15,住宅大樓(11層含以上有電梯),住家用,鋼筋混凝土造,26.41,155.11,3,2,2,有,無,11240000,75821,,1500000,,,,,24.9637006,121.163148
中壢區,房地(土地+建物)+車位,桃園市中壢區松平路,住,1110327,土地1建物1車位1,七層,15,住宅大樓(11層含以上有電梯),住家用,鋼筋混凝土造,17.49,112.49,2,2,2,有,無,7840000,73858,,1500000,,,,,24.9637006,121.163148
中壢區,房地(土地+建物)+車位,桃園市中壢區松平路,住,1110327,土地1建物1車位2,十四層,15,住宅大樓(11層含以上有電梯),住家用,鋼筋混凝土造,28.65,193.55,3,2,2,有,無,13940000,78004,,3000000,,,,,24.9637006,121.163148
中壢區,房地(土地+建物)+車位,桃園市中壢區松平路,住,1110326,土地1建物1車位1,三層,15,住宅大樓(11層含以上有電梯),住家用,鋼筋混凝土造,17.49,110.35,2,2,2,有,無,7990000,75606,,1500000,,,,,24.9637006,121.163148
中壢區,房地(土地+建物),桃園市中壢區三友新村15號,,1110324,土地2建物1車位0,全,4,透天厝,住家用,鋼筋混凝土造,207.75,392.34,6,2,6,有,無,33800000,86150,,0,,,,,24.9721514,121.2053963
中壢區,房地(土地+建物)+車位,桃園市中壢區松平路,住,1110330,土地1建物1車位1,十層,15,住宅大樓(11層含以上有電梯),住家用,鋼筋混凝土造,28.65,166.9,3,2,2,有,無,12840000,80499,,1550000,,,,,24.9637006,121.163148
中壢區,房地(土地+建物)+車位,桃園市中壢區松平路,住,1110327,土地1建物1車位1,九層,15,住宅大樓(11層含以上有電梯),住家用,鋼筋混凝土造,26.41,155.11,3,2,2,有,無,11640000,78546,,1550000,,,,,24.9637006,121.163148
中壢區,房地(土地+建物)+車位,桃園市中壢區松義路A3棟13樓,住,1110324,土地1建物1車位1,十三層,14,住宅大樓(11層含以上有電梯),住家用,鋼筋混凝土造,16.52,116.89,2,2,1,有,無,8950000,84209,,1500000,,,,,24.960095,121.1664522
中壢區,房地(土地+建物)+車位,桃園市中壢區松義路A3棟12樓,住,1110326,土地1建物1車位1,十二層,14,住宅大樓(11層含以上有電梯),住家用,鋼筋混凝土造,16.52,116.89,2,2,1,有,無,8840000,84096,,1400000,,,,,24.960095,121.1664522
中壢區,房地(土地+建物)+車位,桃園市中壢區松義路B2棟12樓,住,1110330,土地1建物1車位1,十二層,14,住宅大樓(11層含以上有電梯),住家用,鋼筋混凝土造,23.76,155.83,3,2,2,有,無,12030000,83039,,1450000,,,,,24.960095,121.1664522
中壢區,房地(土地+建物)+車位,桃園市中壢區松義路B2棟13樓,住,1110326,土地1建物1車位1,十三層,14,住宅大樓(11層含以上有電梯),住家用,鋼筋混凝土造,23.76,155.83,3,2,2,有,無,12080000,83039,,1500000,,,,,24.960095,121.1664522
中壢區,房地(土地+建物)+車位,桃園市中壢區領航南路三段370號旁,商,1110325,土地1建物1車位1,十層,18,住宅大樓(11層含以上有電梯),住家用,鋼筋混凝土造,22.42,185.62,3,2,2,有,無,21390000,134490,,1850000,,,,,25.0125151,121.2216486
中壢區,房地(土地+建物)+車位,桃園市中壢區領航南路三段370號旁,商,1110324,土地1建物1車位1,三層,18,住宅大樓(11層含以上有電梯),住家用,鋼筋混凝土造,16.23,145.65,2,2,2,有,無,14700000,122484,,1800000,,,,,25.0125151,121.2216486
中壢區,房地(土地+建物)+車位,桃園市中壢區領航南路三段370號旁,商,1110326,土地1建物1車位1,五層,18,住宅大樓(11層含以上有電梯),住家用,鋼筋混凝土造,16.23,134.58,2,2,2,有,無,14730000,124193,,1650000,,,,,25.0125151,121.2216486
中壢區,房地(土地+建物)+車位,桃園市中壢區領航南路三段370號旁,商,1110329,土地1建物1車位1,七層,18,住宅大樓(11層含以上有電梯),住家用,鋼筋混凝土造,16.23,134.58,2,2,2,有,無,15050000,127706,,1600000,,,,,25.0125151,121.2216486
中壢區,房地(土地+建物)+車位,桃園市大溪區領航南路三段370號旁,商,1110327,土地1建物1車位1,六層,18,住宅大樓(11層含以上有電梯),住家用,鋼筋混凝土造,20.27,171.79,3,2,2,有,無,18400000,126654,,1750000,,,,,25.0125151,121.2216486
中壢區,房地(土地+建物)+車位,桃園市中壢區領航南路三段370號旁,商,1110323,土地1建物1車位1,二層,18,住宅大樓(11層含以上有電梯),住家用,鋼筋混凝土造,16.13,144.87,2,2,2,有,無,15480000,131337,,1750000,,,,,25.0125151,121.2216486
中壢區,房地(土地+建物)+車位,桃園市中壢區領航南路三段370號旁,商,1110324,土地1建物1車位1,三層,18,住宅大樓(11層含以上有電梯),住家用,鋼筋混凝土造,16.23,145.65,2,2,2,有,無,14700000,122484,,1800000,,,,,25.0125151,121.2216486
中壢區,房地(土地+建物)+車位,桃園市中壢區領航南路三段370號旁,商,1110326,土地1建物1車位1,五層,18,住宅大樓(11層含以上有電梯),住家用,鋼筋混凝土造,16.23,134.58,2,2,2,有,無,14730000,124193,,1650000,,,,,25.0125151,121.2216486
中壢區,房地(土地+建物)+車位,桃園市中壢區領航南路三段370號旁,商,1110322,土地1建物1車位1,六層,18,住宅大樓(11層含以上有電梯),住家用,鋼筋混凝土造,16.23,145.65,2,2,2,有,無,15000000,125332,,1800000,,,,,25.0125151,121.2216486
中壢區,房地(土地+建物)+車位,桃園市中壢區領航南路三段370號旁,商,1110325,土地1建物1車位1,七層,18,住宅大樓(11層含以上有電梯),住家用,鋼筋混凝土造,16.23,134.58,2,2,2,有,無,15750000,133403,,1700000,,,,,25.0125151,121.2216486
中壢區,房地(土地+建物)+車位,桃園市中壢區光輝三街25號，進光輝街交口,住,1110329,土地1建物1車位1,四層,11,住宅大樓(11層含以上有電梯),住家用,鋼筋混凝土造,22.96,169.15,3,2,2,有,無,15100000,100651,,1800000,,,,,24.9646587,121.2176718
中壢區,房地(土地+建物)+車位,桃園市中壢區光輝三街25號，近光輝街交口,住,1110329,土地1建物1車位1,一層,11,住宅大樓(11層含以上有電梯),住家用,鋼筋混凝土造,24.51,178.17,3,2,2,有,無,15880000,99745,,1800000,,,,,24.9646587,121.2176718
中壢區,房地(土地+建物)+車位,桃園市中壢區光輝三街25號，近光輝街交口,住,1110329,土地1建物1車位1,二層,11,住宅大樓(11層含以上有電梯),住家用,鋼筋混凝土造,23.95,174.82,3,2,2,有,無,14980000,96365,,1700000,,,,,24.9646587,121.2176718
中壢區,房地(土地+建物)+車位,桃園市中壢區莊敬路與陸光五街口自立段879等1筆,住,1110331,土地1建物1車位2,十一層,15,住宅大樓(11層含以上有電梯),住家用,鋼筋混凝土造,39.74,247.06,3,2,3,有,無,25780000,108938,,4060000,,,,,24.9652588,121.2562633
中壢區,房地(土地+建物)+車位,桃園市中壢區莊敬路與陸光五街口自立段879等1筆,住,1110331,土地1建物1車位1,六層,15,住宅大樓(11層含以上有電梯),住家用,鋼筋混凝土造,39.74,224.19,3,2,2,有,無,23800000,108938,,2080000,,,,,24.9652588,121.2562633
中壢區,房地(土地+建物)+車位,桃園市中壢區松平路,住,1110331,土地1建物1車位2,十二層,15,住宅大樓(11層含以上有電梯),住家用,鋼筋混凝土造,28.65,191.41,3,2,2,有,無,13950000,77718,,3050000,,,,,24.9637006,121.163148
